sample_id,condition,batch
00000c20-b875-4821-8d4b-c50d7a7f9879,0,CGCI-HTMCP-LC
000b6b94-572d-4d06-a8f4-2e43829f83d4,0,TCGA-LUSC
018f8802-127f-4e25-a14c-46caa3e4daa1,2,CPTAC-3
84f2b69e-86e5-4bf6-a11c-289b1971775f,0,TCGA-LUAD
850bb68e-cea7-4d66-b044-24dbef74e255,2,TCGA-LUAD
854d3e91-a19b-4dd4-96a6-996011666d09,2,CPTAC-3
855b04fa-b81b-4270-bdaf-86419df3f94f,1,APOLLO-LUAD
857fbc73-c2db-4bf4-8a93-55a8ecf3d5ef,2,CPTAC-3
85af2402-d1a0-418f-a2c7-053cb6af85d6,1,CPTAC-3
85c794c1-3fd0-4a10-a613-9db7eff3c78f,2,TCGA-LUAD
0e15d2fa-39c9-4c33-8dd2-f4ab063009c1,2,APOLLO-LUAD
85feefbe-6aad-430b-a882-c71e4a5d1e07,0,TCGA-LUAD
864c2830-c699-433c-bcba-20f0c692854a,2,TCGA-LUAD
86757083-5e47-423f-91e3-5f2ad6779b27,0,TCGA-LUAD
868f6883-6e7b-4565-ae15-813e282d8635,1,TCGA-LUSC
86a2ee36-5226-4c75-95e9-81c5061533c9,1,APOLLO-LUAD
86bad1b0-ea08-4810-a99b-cd4af9411e3a,1,CPTAC-3
86ce663f-9823-4582-8ed9-898cae3edf9f,0,TCGA-LUSC
86d50377-58c8-4653-8e0b-2fa840c10a3e,0,TCGA-LUSC
0e480f18-0e72-444e-b7e1-956a439471ad,0,TCGA-LUSC
872a3582-a688-4c36-b00f-0bf84686d9f9,2,CDDP_EAGLE-1
873771c7-b709-49cf-805f-817a2b091979,2,CPTAC-3
8760865b-d1be-487a-9590-6e9ad5af3ab7,1,CPTAC-3
878053b9-af35-40a0-9f6d-f844ac7354c4,1,CPTAC-3
878bd922-f4b1-4fa0-bc0b-387d4356b0dc,1,CDDP_EAGLE-1
87a57282-169a-4061-9d04-1dc66df154ec,1,CPTAC-3
87b1a89f-591c-4d6b-929d-2eae2951740e,0,TCGA-LUAD
87c3334a-2ab0-4cdc-a72d-2efb90452f18,1,CPTAC-3
87cff156-904f-4b52-940f-95d0b3e6bbc6,2,CPTAC-3
87d1edd3-df03-4046-a888-86baa85639b6,0,TCGA-LUAD
87db2f51-5565-4904-a158-08180ce0da83,2,CPTAC-3
87db73f9-c9db-4797-b02e-28373c9b5bbb,0,TCGA-LUSC
883bbed6-0216-48c2-9694-5dba83ce65c7,0,TCGA-LUAD
88489522-a5e1-4fae-a8a4-2102c0e4c309,1,CPTAC-3
887d98c1-8ebf-4dab-93ad-f0f2810636c2,0,APOLLO-LUAD
88885dc7-5edd-4fac-95f8-9586880078a8,0,TCGA-LUAD
88b0c54b-9b7e-430d-891c-b792e7446b8f,0,CPTAC-3
88dabd87-62d9-443a-abfb-87aac7913130,0,TCGA-LUSC
88e6d17d-9a82-44b6-8977-135ed0b1af1e,1,CPTAC-3
892294a6-6b94-4284-bae3-9eb0bdc853f6,0,TCGA-LUAD
895075e9-d51f-4849-938a-b73ae7f4e11a,1,CPTAC-3
89651118-9b55-44a9-a05f-d1b9cee5271c,0,TCGA-LUSC
89757795-017d-40e2-ba48-e7a19fb69b94,0,TCGA-LUSC
89785c02-2345-4fa3-b73b-4d9da706c972,1,TCGA-LUAD
0e9a8104-cb3b-440d-bcd9-62bac649e01e,2,CPTAC-3
89bdfb20-8991-4bc4-b112-6e9be096b566,1,TCGA-LUAD
89bf9c33-c1b4-4786-821f-802cf36eed43,0,TCGA-LUAD
89cdd19d-b0ee-4ae8-ac32-b2c938058472,0,TCGA-LUSC
89d32b82-e00c-41f6-a8d3-3b9565be312c,0,TCGA-LUSC
8a2ada69-c4b1-4aab-998b-dbc4ddd350d0,0,TCGA-LUSC
8a2d17e2-4ec1-42b6-8825-6d80ffe4b916,0,TCGA-LUAD
8a64b8f7-68e8-49bf-9579-f15fe28b75dc,0,TCGA-LUSC
8a884668-03c2-44bb-8ea0-5b0d0bc68aa4,1,TCGA-LUAD
0e9c2659-4131-4274-b0b4-3e191239f5f3,0,TCGA-LUAD
8a88c897-62f2-4079-8029-804f7d782bb7,0,TCGA-LUSC
8a898b7d-6f1b-4d2a-9f5d-0751ced1d7bf,0,TCGA-LUAD
8af8a3a5-8f98-4e93-abf5-bb401716bbed,2,TCGA-LUSC
8af996d7-2c5e-4d17-b1a5-8751f4784eba,0,TCGA-LUAD
8b4d64d2-37f4-4a37-90d2-4993658151dd,2,APOLLO-LUAD
8b55c916-963b-41d6-b7ce-7e8ccf958c80,0,TCGA-LUAD
8b59c6a9-b3c7-4ba7-ada5-b70b697421df,1,CPTAC-3
0ece8b9b-d1c3-4f03-b70d-6bc06c6f52ce,2,TCGA-LUAD
8be16a1a-383f-4365-b1e5-139b1625e3ce,0,TCGA-LUAD
8bf69e2c-5cc7-41a6-abd6-ef8218a857f6,2,CPTAC-3
8c031ef8-4038-453e-a5e6-db3198657233,0,TCGA-LUSC
8c5c4975-fdf5-482b-855d-e946c1151bc6,2,CPTAC-3
8cbd35e1-85b5-49f4-b56d-8371ea9d293c,1,CPTAC-3
8cdb3ed5-5922-4833-b255-30d9322f8fe9,0,TCGA-LUAD
8d01df6d-4573-46dd-8f59-2b7b9aba7269,0,TCGA-LUSC
0f01f50f-495a-455d-986d-28c65e345a80,0,TCGA-LUAD
8d0521db-a42b-433f-bb74-cbf8df6ba25d,2,TCGA-LUSC
8d308359-6f2a-4c2a-a2e7-b1a3b8d79de9,2,TCGA-LUAD
8d479815-f8b5-48dc-9337-c5710f15a1b1,1,CPTAC-3
8d5a94c8-b3d9-4991-8ce9-f7aa9189938c,0,TCGA-LUSC
8dc3309f-0346-478c-a704-872a046ff2aa,0,TCGA-LUSC
8e0fd46a-4f93-478b-9180-72a627d4439f,2,CDDP_EAGLE-1
8e14dba9-6132-483c-892b-b244704fdc38,0,TCGA-LUAD
8e510682-b05c-4792-a149-d713db6d082d,2,TCGA-LUAD
0f33de26-bdfd-4ae1-9b84-e28665056eb0,2,CPTAC-3
8e6340fd-6154-4a0b-9eef-3934dd6ec18e,1,CPTAC-3
8ea9cd2a-457e-422b-a1b3-5623661a6743,1,CPTAC-3
8edf3592-7e18-45ca-8b4e-d018c6c637ab,2,CPTAC-3
8ee94af8-9754-4c1e-ad65-cd0877359bb1,2,CPTAC-3
8f2bec2c-7a61-4749-bfb1-3c5dba953c8a,0,TCGA-LUSC
8f38c040-1ef7-4f47-90d5-d5a8808f8abb,1,CGCI-HTMCP-LC
8f5bb09d-e15a-4938-aad1-85c1b2d79af9,0,TCGA-LUSC
8f9a13f8-f9c3-43dc-8822-10b5695868d1,2,CPTAC-3
8fadb6d4-de92-4301-9b6e-7dd857fec978,0,TCGA-LUAD
01977422-7f46-41d2-bc19-ed0093af8f25,0,TCGA-LUSC
0f3755ec-9e0e-4fc9-ae14-a32d6b486a7e,2,TCGA-LUSC
8fb54c33-b0f2-46b3-ba95-7d5dc6298fd2,2,CPTAC-3
8fbab03e-c381-49ce-8038-1eae71f1fa9b,2,CPTAC-3
900e2ab6-81de-4b45-bd09-9308b4baa468,0,CGCI-HTMCP-LC
901c6ff1-19bf-48d8-894d-766f1995a916,0,TCGA-LUAD
905f0b11-0d02-4e19-a15b-93b56b6b94a7,0,TCGA-SKCM
906a6a3f-91ce-4433-9a0d-e010a61782f0,0,TCGA-LUAD
909579cf-e93f-4202-9d1b-f36415efe6e6,2,CPTAC-3
90cf1bc5-1f8a-47b9-af32-12738b749817,0,TCGA-LUSC
0f37f5ba-3582-4c61-8c70-bf9b0ede6e71,0,TCGA-LUAD
9123a775-d686-49ab-90e7-0dc572c2fcaf,0,TCGA-LUAD
91540fee-797a-4354-8cc4-9b7514f3cbc6,2,CPTAC-3
915f5f6d-b66b-4ffd-a095-a6bb60387d2f,1,TCGA-LUSC
91ee8fd1-4e0d-4d24-ae90-255e50761426,2,CPTAC-3
92437843-a04e-404e-97b5-383258cc024c,1,CPTAC-3
92930b46-8ef9-4d4b-8506-dae7b3247b93,1,CPTAC-3
0f6c6bd3-2f1c-4358-9ce0-00cbef1693bc,0,TCGA-LUSC
929473bf-434c-438e-b16c-c34bfb0b98ea,2,TCGA-LUAD
92b4ef29-b45a-4ec4-9251-8d6fb32cde90,0,TCGA-LUAD
93288581-37b8-4e24-83ce-d1668ffe7a5f,1,TCGA-LUSC
932ccb56-ad41-40a0-9ab3-21f490c60af5,1,TCGA-LUAD
934cfa64-a8c4-4d48-a722-b0182e7cf54c,1,CPTAC-3
9356c4bb-7029-460f-882d-1dacf8fbe63e,2,CPTAC-3
9364cedf-16c0-4d5b-9ae9-2e5e3d3c8506,0,TCGA-LUSC
93a0a10c-0eca-4b90-929b-7174ba14575e,2,CPTAC-3
93db566e-8ff9-45b0-afa2-0fbe82b8f580,2,TCGA-LUAD
0f88742e-ebfe-4d72-9720-5b5db9057b79,2,CPTAC-3
94248ac5-2e1f-4c1e-a7ea-3341dea0ef31,2,CPTAC-3
942673a7-5072-466f-985c-42d38aeb5c2c,0,TCGA-LUAD
942ddc9f-5290-433a-b8d2-fed74805b434,0,EXCEPTIONAL_RESPONDERS-ER
943d7e24-0b89-4ea8-9e86-573a7187a58b,0,TCGA-LUSC
944adc4b-049d-4bce-90a0-d1b18a2d1e5e,1,TCGA-LUSC
946692ad-ed52-4bd8-85ac-efe5178b15b4,2,TCGA-LUAD
94844fdc-504a-4431-a9e5-9397ba154bfc,1,CPTAC-3
94861d8a-3b40-4334-9fb5-c9df71a1e1da,0,TCGA-LUAD
0f8d9955-f171-43ba-96d2-0050ae93644c,2,CPTAC-3
94cab1e2-dcd6-43b7-b359-75b0c4a485ba,2,TCGA-LUSC
94d8b11e-0198-4f40-987a-44691b3b03fa,0,TCGA-LUAD
951f2356-17f4-4f4f-a8ec-855c7e93dce1,2,TCGA-LUAD
9529e541-f035-4274-885f-f530af1d87d0,2,CPTAC-3
955d8650-e251-40a0-90f1-342881ab6570,2,CPTAC-3
95703d3e-afe0-4dca-a3e0-997382fcb852,2,APOLLO-LUAD
95a4b2c8-1c16-4607-bce8-cbba24dc7978,0,CGCI-HTMCP-LC
964fcdaf-b5d1-4fc2-8d3a-08013d6fe4d8,0,TCGA-LUSC
966086a2-7a30-42e7-bd34-60942d862258,0,TCGA-LUSC
966cba2c-ca26-4861-8ed6-d6682511000a,2,TCGA-LUSC
968c4aa2-2bcd-4823-b7fa-fbedc41ddb25,0,TCGA-LUAD
96c4cf1d-ca50-4abb-81fd-4eb090111a4c,0,TCGA-LUSC
96fb95cb-f5f3-47b3-9c6e-5ebca8ac17e9,2,HCMI-CMDC
9711a58c-08fc-428f-93a1-3d3db7df213e,0,TCGA-LUAD
9726aa3d-8a66-4568-92e5-c092c05a9a5d,0,TCGA-LUAD
975121d2-ba5d-4b2c-bd50-278311c7144a,0,TCGA-LUAD
1001bb71-0ebe-4c9f-aba1-5f0fe2f3c4a6,2,APOLLO-LUAD
97541ffe-94e7-4130-9bac-65528de8d6f5,0,TCGA-LUAD
978939fa-a27f-46ff-9120-7a43e3588b28,1,TCGA-LUAD
9796354a-6ac6-466b-a82b-f1e9785bc447,0,TCGA-LUAD
97df56d6-9763-4560-a585-9538af164cfe,0,TCGA-LUSC
9813c84d-7180-478a-9a30-a7ed1c966597,1,CPTAC-3
9835daf0-92cc-4237-838d-b122a15aa1f1,2,TCGA-LUAD
987832ae-aab4-430f-abc1-8783736fbe69,2,TCGA-LUAD
98cc11cb-ed82-4949-b96f-1898ba42d899,1,CPTAC-3
98d0455d-27b5-4167-aa6b-07c95ae08fe9,2,CPTAC-3
98d8f52a-4dee-422a-8dbc-f2264431c2b8,1,CPTAC-3
99070594-f9ba-4d77-b3ef-3cf197d1dafa,1,CPTAC-3
993c1382-21ba-493c-ae6c-8f6d3b029ab2,0,CPTAC-3
9940e2a8-6a68-4482-a1bc-2a6edb7d52cd,0,TCGA-LUAD
99488a4a-85cb-4b08-96b4-c6a6a1238da9,0,TCGA-LUSC
1018a842-45da-43f6-a7c6-9b1fe4e0e1d3,2,APOLLO-LUAD
994c115a-a579-42c1-b416-4636bf0eeb3a,0,CPTAC-3
9a1b94e1-3bc6-4616-9449-2e6ae86ccca1,2,CDDP_EAGLE-1
9a535718-1719-4f78-a2fd-8cacd335efe8,0,TCGA-LUSC
9a64a124-9787-4378-ba01-b79aa183f25f,0,TCGA-LUAD
9a67ded0-92b0-48a4-bed8-43f944ff2acd,2,TCGA-LUSC
9aa3bf8f-8422-4c86-8809-b82d7117c3a2,1,TCGA-LUSC
9ab3bfe1-463e-40b8-9380-da7cc3bf6d16,0,TCGA-LUSC
9ad544f6-b684-4a97-8d05-f812267962bb,1,TCGA-LUAD
9aedb407-0084-49c6-8379-92e6aa07339e,1,CPTAC-3
9af97277-d11e-40e8-884c-3e40cc47bc1b,1,CGCI-HTMCP-LC
9bcfcaea-1536-4864-98e4-ad0d76bf61f5,2,CPTAC-3
9bdba133-a1e0-4482-add2-af6493ebdbe5,0,TCGA-LUAD
9bf51961-c60a-43df-87eb-a64dae9e4e10,0,TCGA-LUAD
9c32afd1-685d-446a-9901-12b547462653,1,CPTAC-3
9c7f6057-8225-4447-adb3-aed12aa974ad,1,TCGA-LUAD
9d178d16-8cbe-44dd-bcb4-3692e869bca6,1,EXCEPTIONAL_RESPONDERS-ER
9d26a39d-2a0e-44d5-b71e-daa141f5bb83,2,TCGA-LUSC
9d3f54d7-901f-4861-b015-21d011a40869,0,TCGA-LUSC
9d66ab91-2548-4d8f-8261-0983607aaa23,2,CDDP_EAGLE-1
9d9a39a4-0e09-4c4f-b82b-ae5a49a5b90d,0,TCGA-LUSC
9db8b103-5f3a-439b-993c-14879744c30a,0,TCGA-LUAD
9e0be69d-4237-4fcb-a91d-8d74eea96c5f,1,CPTAC-3
9e0f5883-d7b1-498b-a461-5c734494b6ef,2,APOLLO-LUAD
9e14c314-2c69-410e-a6b8-9097ef9ce172,2,CPTAC-3
9e2dadf9-0541-45ae-bf78-a89d063f955b,1,CDDP_EAGLE-1
9e644626-f5b7-424e-92a3-15d54b64fd76,2,CDDP_EAGLE-1
9e971d9f-95ec-4e34-9020-c3303fafc372,2,CPTAC-3
9ed88957-0991-432d-956a-5317efbbc5b5,2,CPTAC-3
9ee45ef3-822a-42b7-897a-27bf414cf046,2,CPTAC-3
9ee64463-e09f-4983-b83d-a6a5481cab9a,0,TCGA-LUAD
9ef441b6-e35e-4c66-834b-b161349ad728,1,CPTAC-3
9efe1375-6e80-4987-a6e2-0cbb8867b0a9,1,CPTAC-3
9f01664c-19be-4841-afb4-297483d22ec8,1,TCGA-LUAD
9f148e41-6dcf-4832-a229-8783b5e9f747,0,CPTAC-3
10acdc61-cf73-4187-a6d2-f7d2e1565cec,0,TCGA-LUSC
9f4b5291-ac4c-4079-be8b-7ddfb7c58dd1,1,CPTAC-3
9f5a8a33-5ac2-4b29-b33b-8ed0c2750d24,0,TCGA-LUSC
9f5d177b-cf6e-4d5c-869d-845c8aa6fb73,2,TCGA-LUSC
9f6308ed-98f2-44cf-b3de-b534ccf808f9,0,TCGA-LUSC
9faf5d67-3e98-425a-87d8-9f33e7ea7181,1,CPTAC-3
9ffe0bdc-838e-4715-8fd3-31f032c8f46e,0,TCGA-LUAD
9ffe8343-d98f-4c5f-b29a-cbcbdac0c008,0,TCGA-LUAD
a00852ef-b522-4960-8cbd-23589b22b4e5,1,CPTAC-3
a0215319-1bc5-4fc8-a146-e888b27b2ca3,1,CPTAC-3
10b7ef4e-f3e3-42f0-8a12-b2dfe25b7277,2,CPTAC-3
a03c9de0-7526-4942-8a7a-5fe03ea191f6,0,TCGA-LUAD
a0fbb2d1-014e-4021-ad8a-a0a16ce47789,2,HCMI-CMDC
a0fce6cc-a525-4970-82b7-8512bb0708b3,0,TCGA-LUAD
a135a2b4-bc6a-4dd6-baa9-f08ab2d4971a,0,TCGA-LUAD
10bec46a-08c3-4fe7-a65a-d801705fca17,1,TCGA-LUSC
a211dc51-cd6f-45be-b05d-d3f6c678c9ef,2,CPTAC-3
a21e6d1b-1190-4f59-8d39-26bbb692a39b,2,CPTAC-3
a2541c72-d02f-4acb-8d35-537080c94ea8,0,TCGA-LUSC
a262af4b-61f1-4e5f-a6f1-8c5e73cfd39d,1,CPTAC-3
10cdb0af-b041-41fa-820e-8464a05cb20d,2,TCGA-LUSC
a2ff795f-2f9f-4a67-a8e8-5d1b70f397d8,2,TCGA-LUSC
a3a53248-6292-412e-be21-28d6f8dc9a74,0,TCGA-LUSC
a412b415-0692-4adf-8447-067ad69913d7,0,TCGA-LUAD
11169fd2-c061-4a88-90a3-7e610a60c331,2,APOLLO-LUAD
a420acdf-146c-4661-8240-c35ee437c770,2,CPTAC-3
a4377fa6-f7e2-4289-ac2d-3cc87b6cc289,1,TCGA-LUAD
a4b51d89-f5bf-44c1-9822-9bd033709681,0,TCGA-LUSC
a4b8b2f2-6a56-4999-bd95-c2c8e4aa3bd0,1,TCGA-LUAD
a4c14abb-5b10-41df-9da5-39f1ee194b7c,0,TCGA-LUAD
a4ce5639-a675-41db-a421-6c2f0440cd63,2,CDDP_EAGLE-1
a4ed7fd8-e220-46e6-90f7-3b208dbf4e05,0,TCGA-LUAD
a5101858-cab5-42b7-af4f-6f75dd62c36c,0,TCGA-LUSC
1120d776-47df-4f72-862e-427d3c44dd43,0,TCGA-LUAD
a51aca71-6bfd-4c02-86e2-cb8a1da7595d,0,TCGA-LUSC
a5407526-9c45-427b-abcc-65d6e1f87158,0,TCGA-LUAD
a581261d-3adf-4299-b867-8bf4a590a643,2,CPTAC-3
a5a12bc4-9c48-41d3-a3ae-76c95b0f56f0,2,APOLLO-LUAD
a5c19494-731c-4519-b8a7-b7307aea2f9c,1,TCGA-LUAD
a60f0ff5-6f4c-43a1-8dda-10b882880bfc,0,TCGA-LUAD
a6298ad5-dd68-44f6-85cf-f1d2c7673aa3,1,TCGA-LUAD
a63881c9-00b2-4ec2-a190-cc59d9c2d780,0,TCGA-LUSC
a65787d0-c4f9-4b3f-8a4a-34b9ec275f83,2,CPTAC-3
a66efdb1-9ff7-4f65-8ac3-b00ed4dc9135,2,CPTAC-3
a6e85696-c0ad-45b1-aa18-7293346d30f1,2,TCGA-LUSC
a6fcc506-61fb-431f-a7b2-a6a53d82c4c6,2,CPTAC-3
a716037c-61e3-4293-9bac-4d78d6ee42f1,0,CDDP_EAGLE-1
a71c722c-3483-4910-926d-c79b6c9a4e7d,1,TCGA-LUAD
a75080ab-34b0-4879-bcd2-96b4f69d2cdc,1,CGCI-HTMCP-LC
0215d9f8-36a8-438a-abb3-eb96c5a087ac,0,CPTAC-3
11f764d3-db26-4569-acf4-87fe91bfe1ce,2,CPTAC-3
a79328d0-1da2-4a72-a319-2badd03985e3,0,TCGA-LUSC
a7f3a08f-e829-45f8-b993-be2039e41132,1,CPTAC-3
a826079b-78ec-4816-a95d-d45ab15a88f4,1,CPTAC-3
a8b91eb0-957c-4c56-b46b-e4a6766ed098,2,CPTAC-3
a8c8cbc5-e771-4ba5-b53f-00b53cd032fd,0,TCGA-LUSC
a900a6d8-fca8-4bba-8fc8-eb711fa2fde5,1,CPTAC-3
a93145ce-3c0a-4e29-980b-0da740af3e9b,1,APOLLO-LUAD
a94794ac-2691-4a8a-8329-c5aae6669d16,0,TCGA-LUSC
a9668f17-f4fa-41bb-8b79-45efbac6a7d4,2,CPTAC-3
a9ab3d43-9750-4700-a999-ad9a035394e7,1,CPTAC-3
a9c747d1-1d2e-46f9-be7f-03208ea9f720,1,CPTAC-3
aaa72a07-5214-4145-9fb5-99c22b7c248a,0,TCGA-LUAD
aab3583f-37ca-4f2f-8428-aa8eda2c2274,1,TCGA-LUAD
aae8b819-2be3-4985-ae56-5d88b21e6fd4,0,TCGA-LUSC
ab24be1b-969c-48f2-bc98-8b89bc719b4c,0,TCGA-LUAD
ab2a89cd-3706-4aa5-9d93-e32fc904c51d,0,TCGA-LUSC
ab355a1f-46ca-43c6-a125-9a9bd55fea4f,0,TCGA-LUSC
ab3c7d7c-7ad0-4f26-9991-ddd288598936,2,TCGA-LUAD
ab4e14a2-8830-4d2d-b81d-67af9ee25451,2,CPTAC-3
ab646f7c-46a6-45a9-91ae-43f5d230b542,0,TCGA-LUSC
ac0cce4d-b7b5-4d6d-a04d-ce9c785ad124,2,CPTAC-3
ac44ccf1-663a-409a-9b78-a1764106e29f,2,CPTAC-3
ac8b8255-d058-4a35-9aa3-7b541e6ece12,2,TCGA-LUSC
ac98f8d2-fdc4-4925-8fce-7e86d7b89dec,1,TCGA-LUAD
ac9d6b6d-37e9-44ca-9f70-0e6351c39341,0,TCGA-LUAD
125a1d73-c62c-4776-85ae-bc50871f22bf,0,TCGA-LUSC
ace52699-f049-4a11-ab3d-ce3719c62e41,0,TCGA-LUAD
ad62355a-f287-49b2-84a9-64c0f5847c20,1,TCGA-LUAD
ad636e79-be59-4821-8303-7d2e7389b22f,2,TCGA-LUAD
ad6ae9d2-c6f5-4686-9b3c-45ea130493f3,0,TCGA-LUAD
ad6e5895-38f8-4764-be16-652c391b7272,2,CDDP_EAGLE-1
ad9e9cb3-e564-4902-a227-40336769913f,1,CPTAC-3
ada4ae4b-1959-49a1-b3db-59675ba2ade0,0,TCGA-LUSC
ae037177-0902-4c94-8e3c-632e240d3945,0,TCGA-LUAD
ae6c036e-8e10-498c-90dd-7eba6a20e7a1,0,TCGA-LUSC
aea9f25d-825e-4e70-bef2-260b514b5f86,2,TCGA-LUSC
aed4a5df-f3ea-42de-b060-4b2167a3e3fc,0,TCGA-LUSC
af120bf7-ea0a-4b04-a1ee-e9355b80262d,2,CPTAC-3
af2c7fc6-003d-4c41-bba5-95a005699a57,0,TCGA-LUAD
af4b1495-7078-4042-8d0d-1769b7dcc53d,0,TCGA-LUSC
af5402f0-30d1-4fab-9d41-3b25bc28fc20,0,TCGA-LUSC
af5b21cf-20d9-4fd6-8b56-0636480d4079,1,CPTAC-3
af8d3207-6d11-435c-a131-e831244dc49c,1,CPTAC-3
af8e6a65-3486-4062-a6b9-b95874d8068e,1,CPTAC-3
afa54e2a-f119-4729-9db4-9b98ba17ac44,0,TCGA-LUSC
afa5c7c4-02f8-4417-873c-378937f5fbbb,0,TCGA-LUAD
afcab3fd-65b3-463a-86c7-ca84d580db00,1,TCGA-LUSC
afcfd650-5a30-4fb7-b513-15acdf8d1a78,2,CPTAC-3
affd7574-977c-4b12-a5a3-ecc4b652e1c1,1,CPTAC-3
b06317d0-3cdc-4868-a14c-ab65c698e399,2,APOLLO-LUAD
129f7ee5-6342-4a24-9317-d52462ce6a70,0,TCGA-LUAD
b069556c-1463-4d65-8872-99bdad31fef3,2,CPTAC-3
b06a3383-3a16-4f91-91c4-71cad60dae4b,0,TCGA-LUAD
b080156e-0711-42f5-83c7-a34de25cbba9,0,TCGA-LUAD
b0a1b626-c44b-4a95-b4a4-383fc63f8649,0,TCGA-LUAD
b0b5b05d-f782-449d-94cf-8fd74a4bd30c,2,TCGA-LUAD
b0dc4a18-3099-46fc-a518-9e411c6c15f3,0,TCGA-LUAD
b0ecfe37-573a-4633-9eb3-eaa73de01ade,2,CPTAC-3
b10c8340-94a3-447c-8f8b-d912d6520e39,2,CPTAC-3
b127a551-67ed-46f9-808e-0071e11bec53,2,CPTAC-3
b168c3c0-ed79-4efa-bb3a-8643b0d6730d,1,CPTAC-3
b17e098a-e8a6-4aea-a9d5-8f6c4744cfc6,1,CPTAC-3
b1af869c-458d-43cb-aed9-f785a8b615b8,0,TCGA-LUSC
b2b395be-bc12-416a-9ade-aa8194a84d28,0,TCGA-LUSC
b302f08f-dd61-4f4f-9f8b-6aa9332cb1f4,2,CDDP_EAGLE-1
b33dd45c-8a37-42ef-b52a-fb3ccbaf23a4,2,CPTAC-3
12c6b36b-dcb9-483c-804e-a134ae50f587,2,CDDP_EAGLE-1
b34c4d7a-a671-4726-9696-cbdb51ee26bc,2,EXCEPTIONAL_RESPONDERS-ER
b34c57e4-8afb-4b20-8634-dd38e8e7828d,0,TCGA-LUSC
b36b30ca-7a09-4e2d-b77f-70c1e8816abc,2,CPTAC-3
b3db4bd6-3c19-45a1-9b12-30fdfbf0b4a7,1,CPTAC-3
b404b23e-e198-4e14-baa3-94436bb5f092,2,CPTAC-3
b45e937f-da60-4259-8fa2-e64ee4fdbe95,0,TCGA-LUAD
023a34d9-c000-4053-b695-5b984b4a6fc1,0,TCGA-LUAD
b483cbab-1f42-4c69-afef-7136099ac34e,2,CGCI-HTMCP-LC
b492b42a-5124-4328-a6f0-19a2b78676b7,1,CPTAC-3
b4a3b46f-28ca-45d1-98f1-a6261ad353fa,2,APOLLO-LUAD
b4de06a8-883b-4d02-afc6-d926c588c4ee,0,TCGA-LUAD
b53ceb0c-a338-46e2-a0e6-224dec5ea807,0,TCGA-LUAD
b5b25f89-cd67-44e5-89bd-be2bc1def4d8,0,TCGA-LUAD
b5b3c685-304f-4279-904a-c86c18f61576,2,TCGA-LUAD
12c95903-cae1-4f9f-97c7-05ab05f4fd7f,1,TCGA-LUAD
b5c6258a-8591-4f96-81d5-8ecc931b57a8,1,TCGA-LUAD
b6275344-52a5-4a39-afea-c01b9099c15f,0,TCGA-LUSC
b6a0d742-e7bc-4d67-8014-675e62f1ddd0,0,TCGA-LUAD
b6c69243-9731-4578-b037-ac997cbdc7dc,0,TCGA-LUAD
b6d66063-5c82-4be2-9355-1ba53abbb29b,2,TCGA-LUSC
12d419ee-1f41-40c1-9c75-03fded456055,0,TCGA-LUSC
b7006975-82c2-4fcc-855d-5ef024ef3d4f,0,TCGA-LUAD
b7632f5d-e8ec-4dfb-8431-e9151bf7b451,0,TCGA-LUSC
b770f87e-a9a9-4748-8649-86baf9629dad,0,TCGA-LUSC
b77287b2-6fef-4978-a682-ccf09f1e781a,1,TCGA-LUSC
b7940add-4e68-48fb-8e01-d7ac73fa29fb,2,CPTAC-3
b79b0145-e672-450d-a973-28c698f3fa03,2,CPTAC-3
b7b898c7-f63f-43d3-864a-406e842db2fe,0,TCGA-LUAD
12f5eaa4-9f64-4465-bfa6-3d9307e9f980,1,TCGA-LUAD
b7e3f944-1ed2-4d04-a2dc-bf6ff06b5db7,0,TCGA-LUSC
b835c7c5-837b-4fdc-adf2-f9c8129cef80,1,CPTAC-3
b8497310-afb9-4e44-b643-24ca1e30b858,0,TCGA-LUSC
b89aab0d-e846-48d9-be7b-e4dce168de77,2,APOLLO-LUAD
b8a6b668-0e0d-4a8a-9ee8-9c7b8823fee7,2,APOLLO-LUAD
b91d8293-6331-4f76-98f0-335ebce83539,2,TCGA-LUAD
b9610938-1f47-4556-ae92-794df8ae6401,0,TCGA-LUAD
b9719e93-b44f-4eb3-8fe9-14914e643d57,0,TCGA-LUSC
132bc0ae-2498-4a65-bcb9-1970b70b0df5,2,TCGA-LUSC
ba301b23-12da-4961-b58f-a00587231325,1,CPTAC-3
ba3e1d1e-3193-4770-9c57-b4ff1502af38,0,TCGA-LUAD
ba444c4a-fe85-44b6-855f-b5b5bd7ed749,1,APOLLO-LUAD
badfeadb-409d-46e6-8070-94790893ae4c,0,TCGA-LUSC
bae11f13-84a4-4fe3-b9e4-9d48b74896af,0,TCGA-LUAD
bae501f3-c0ba-4646-8027-0623869176f4,0,TCGA-LUAD
baf31e4e-3c1c-4177-ab3b-c1722364d607,1,CPTAC-3
bb47dbbf-75f5-4bbf-bd1a-ca81383f211b,0,TCGA-LUAD
bb64143e-c48a-45c7-914b-4ec5bcea9e27,1,TCGA-LUAD
bb69e798-8c83-4c12-b622-3155e1972e6f,2,TCGA-LUAD
bb947fec-f1b9-4e90-9529-68bcd9dff068,0,TCGA-LUSC
bbb426a9-806b-4417-a3cd-4dd1b0c87792,1,TCGA-LUAD
bbb88d05-30d4-4619-b3c0-8d2e6b6f295a,1,CPTAC-3
133bfadb-ed2e-4b10-a5bf-46d31ade6dd4,2,TCGA-LUAD
bbbd3cd5-cfd3-418b-ab3a-243de430a5e1,0,TCGA-LUAD
bbd90b7b-3f75-463a-8ae6-1896cfa6e7d7,1,TCGA-LUSC
bbeb2346-45be-4b52-be1d-23a8eca6580b,1,CPTAC-3
bc278946-a5c8-4b1a-a5cc-583ab4ee1420,0,TCGA-LUSC
bc30bab8-b9ed-47cc-8770-a46bb253bb9c,2,CPTAC-3
136ceaee-2156-4f8a-9fb8-250018e9498d,1,TCGA-LUSC
bc6dcc74-df71-4444-bdc8-6d561ed42f64,0,TCGA-LUSC
bc9eb76e-278c-478f-b637-3ad07acec312,1,CGCI-HTMCP-LC
bca264e4-3883-409f-ad4e-f56f81c7c93e,2,TCGA-LUAD
bd1636e9-49de-459a-acc6-4cb0c4a80c45,0,TCGA-LUSC
bd22d4ba-a576-42a6-9fa2-a50657db7c14,1,CPTAC-3
bd820f5e-c8fd-4af5-b81c-2c51715cd759,0,TCGA-LUAD
bdb285cd-8684-4997-84a4-6ec58457817e,1,CPTAC-3
13a1c368-a939-4c81-bb51-8ae31da5ba14,0,TCGA-LUSC
be19e560-e5b5-4cf2-aba3-295335d046c9,2,TCGA-LUSC
be391b79-f680-4e14-aac4-aabb43ed161a,1,CPTAC-3
be7b80c8-2256-4725-a330-7435742aa309,1,TCGA-LUSC
bebca0ac-b673-4d1b-bc34-31806d1b6dff,2,TCGA-LUSC
bf23dc5b-88dc-4af3-93a8-7765f865cf67,2,CPTAC-3
13f74ba9-96c5-4074-9589-3ce0e183c0e9,0,TCGA-LUAD
bfa4b4f5-01cb-483c-9892-b82ef1bc35dd,1,CPTAC-3
bfd852d9-9d72-4a3b-8ef3-e1435ef376fb,1,TCGA-LUSC
bfecde55-3ed3-4977-899b-d7c22b6df15b,2,TCGA-LUAD
c02fdb09-ef01-4162-90dc-e42c0880bc34,0,TCGA-LUSC
c0f64ec6-f928-4ea4-ba0a-01df0b5650f8,2,CDDP_EAGLE-1
c105286e-08ac-4988-85d3-41d5d9f5fdf5,0,TCGA-LUSC
025e4db8-0685-41b5-ab41-cb779890296b,2,CPTAC-3
c140ee8e-c45f-47fb-b214-c3c8cdde972e,0,TCGA-LUAD
c173ece5-20f6-42a1-b855-b5312701b3d0,2,CDDP_EAGLE-1
c1f94292-cee6-4499-bced-568e4a96bbd6,2,CPTAC-3
c20b88fa-32e8-46f5-83c6-0bb9efe1b3f0,2,CPTAC-3
c217e89e-52e0-42ae-ab72-eaec3d7b50d8,1,CPTAC-3
c2315933-2dc3-4f7e-9983-c0697cbc4a0b,1,CPTAC-3
c2a485c5-f871-4337-acdd-63b365a9c8a1,0,TCGA-LUSC
c2cdff0a-7852-47e3-b222-c51289e9d305,0,TCGA-LUSC
c307cc29-dcc4-4065-bcbc-bcce3c87526d,1,CPTAC-3
c335fd50-f3f1-4c62-87f4-ad4c1e0c2cee,2,APOLLO-LUAD
c36f84e5-8c59-46fe-af32-7f70684383b2,1,TCGA-LUAD
c3d8d2df-dbc3-43e1-96b7-682f841164c1,2,APOLLO-LUAD
147111bd-92d8-4ec5-aa9d-66a27dab8d4a,0,TCGA-LUSC
c3e2e99a-537a-4263-a835-fef5ed2c3588,2,TCGA-LUAD
c3ecd703-d8a8-4f30-aff7-9ba12b40ac70,0,TCGA-LUSC
c4bcc6b0-96a1-452b-9169-b4a16bcb9403,1,TCGA-LUAD
c4dc4ed3-27da-4ef5-9648-7e8332a222cd,1,CPTAC-3
c4dd4c4b-7ea5-4d78-811e-078e45a37b35,0,TCGA-LUSC
c4ea2a5b-8945-49c1-aeb5-b4b4c95cb340,1,CPTAC-3
147bc8eb-2208-4a2d-ba3e-0ecdf62d47e4,1,CPTAC-3
c56f402d-27b5-4d06-9086-b46272d9fe36,0,TCGA-LUSC
c57d8af8-d433-4df9-ba01-455496f8f867,0,TCGA-LUSC
c5922138-4e15-4546-b8a2-8cec6917262d,1,TCGA-LUSC
c592bbab-8971-4aae-bb44-5484a5803e3d,1,CPTAC-3
c5bf53e7-f50b-4ee0-96fc-8b2cf9613bab,2,CPTAC-3
c5cdf98d-fb4e-4869-9e86-259a497b904e,0,TCGA-LUSC
c6070343-86cb-4c71-8984-e8e5a2fd96f8,0,TCGA-LUSC
c64da734-41f3-4863-90a8-dc9871b7ae02,0,TCGA-LUSC
c67f194f-0c71-4835-801c-5b6da7a583ef,1,TCGA-LUSC
c69e8ef1-57a7-439a-9b05-66f14b019322,0,TCGA-LUAD
c6d7291b-7639-40a0-9740-a01bbfc99055,2,CPTAC-3
c70afde9-ba58-47e4-aeec-508a8116418a,2,TCGA-LUSC
c715a19e-edf5-4b70-b331-b784ad341a09,1,CPTAC-3
c7574a06-b8b5-4f6b-a207-c8070d3e442e,0,TCGA-LUSC
14ada415-4959-4b08-9761-c182d55362aa,2,CPTAC-3
c79162f6-be6e-46b1-aca7-438423fed6c3,0,TCGA-LUAD
c80256b6-18f1-49ee-abe7-d34383d0fc5f,2,CDDP_EAGLE-1
c809613c-fffb-4553-834d-c6f24cd06e91,1,CPTAC-3
c8538bd2-1a51-4eb3-9774-27ec30f0614a,1,CDDP_EAGLE-1
c87a4931-e921-4d1e-a6c4-122adf8903d9,2,APOLLO-LUAD
c91e6824-34c7-4004-b3a2-4a9cf9c8c3a3,0,CDDP_EAGLE-1
c92457d3-72c4-40fd-a170-bf2d1ba232dd,2,CPTAC-3
c93c2426-206c-42fc-a58e-136778ae4900,0,CPTAC-3
c95b7f17-919c-4e56-85d8-d1c89bfa35a9,1,CPTAC-3
c96036a1-2f21-47fc-a5ea-54389bf26502,2,TCGA-LUAD
c976274c-090e-45b1-a40e-852c616a47be,2,CPTAC-3
c97d6c2a-9866-4893-8cff-ee747c4a4550,0,TCGA-LUAD
c9904df2-278e-4a70-b2e7-203d31aee6a4,2,CPTAC-3
c9945774-3973-498c-a784-8a7b41b99d5d,2,TCGA-LUSC
ca0cb313-07e6-4ce8-902d-2404d21bfc25,1,CPTAC-3
ca1ed3c2-6a69-4256-bc23-958599a70d45,0,TCGA-LUSC
ca34be5f-799c-4df4-af91-ec8a9e958d6c,0,TCGA-LUAD
ca609db4-8e75-426a-920e-20ab0ee39afb,1,CPTAC-3
ca7e53c0-754a-4c9b-9f02-02abc9d2c6c5,1,CPTAC-3
caa4bc15-6e54-4d5e-9d91-c25e800b71b9,0,TCGA-LUAD
cab5b00a-9cf2-4e1f-b2f3-93d27b73631e,2,TCGA-LUAD
cac5bca1-92c4-4f80-85eb-c6df5741a263,1,TCGA-LUSC
cacccf03-d9f8-47ff-b7c8-101b1407d0bf,2,CPTAC-3
cacf05ae-fcf4-4eb8-bf49-7be59224a5fe,2,CGCI-HTMCP-LC
cb061496-b611-48bb-9484-c6ca07f9951e,0,TCGA-LUAD
cb658a1b-527a-4b66-b067-15da400f4b75,2,TCGA-LUSC
cb93a89c-f291-4042-a988-0fb1b392e4d7,0,TCGA-LUAD
15672a8a-cdae-4d16-8909-7107b96e2503,1,CPTAC-3
cba15984-128b-4bd9-8202-14afbf1f74b2,0,TCGA-LUAD
cbdb3461-117e-47e5-949b-858e21b4681f,0,TCGA-LUSC
cc1174cd-f902-46f0-9e69-b285b2b1317c,2,TCGA-LUAD
cc13dbbd-b93d-4350-9bfe-b22bbce316fe,0,TCGA-LUSC
cc438ab3-8c6b-493a-ae84-f1b10ffa5bd1,2,CPTAC-3
cc481383-4ebf-410c-8dd7-ef0b117bd035,0,TCGA-LUAD
cc519e25-6cb3-403d-b5b9-e28916501815,1,CPTAC-3
cc640c34-516e-4cd8-a32c-d6f9b856696d,0,TCGA-LUAD
cc8fe981-25f1-4b07-a931-7ad2a352d2d8,1,TCGA-LUSC
02a9936a-363e-4874-8f97-715a117973bd,0,TCGA-LUSC
157223aa-aab5-4522-8ff2-8104ea3561d9,2,TCGA-LUAD
cd2cc3a1-d721-4ce9-a62d-c99db2e4ce77,2,TCGA-LUSC
cd2d0bcb-07e2-435d-b6bb-85bd17af9f99,2,CPTAC-3
cd7c5895-cb90-405c-a6ab-2c42bd97abae,2,APOLLO-LUAD
cdbbff89-19eb-474b-b45b-fd20c139765e,0,CPTAC-3
cdc9d3d0-c9d6-4406-baa6-0b67d2f7b25c,1,CPTAC-3
15998b11-5041-4e2d-94d9-cf714c796c13,0,TCGA-LUAD
cde8569f-d0a0-4f05-a86e-0f9d84361faf,0,TCGA-LUAD
cded92df-9367-4ee5-930c-6c87bf2c8eb0,0,TCGA-LUSC
ce53fd27-c9f6-4e0f-87ad-4a596e5a2cd8,1,TCGA-LUSC
ce886e9b-2167-486f-8d8a-d4fec39d86c9,0,TCGA-LUAD
cf282dd2-fc71-41e4-a22d-87ea9de78b71,1,TCGA-LUSC
159c6763-6fc8-4ed6-b21d-7458b1289978,0,TCGA-LUSC
cfb7b25d-e966-4227-a92c-40caaf2cffb7,2,CPTAC-3
cfe75958-4a6a-4313-99e3-c5ae7c73e492,2,CPTAC-3
cff4fca2-d0e1-4e90-9d3c-639f995fc9ed,2,TCGA-LUAD
d00354a6-0cdd-42c0-8d0c-1f87f4fdc843,0,TCGA-LUAD
d022fc3c-86bb-485e-a600-1657f4343445,1,CDDP_EAGLE-1
d03a700e-3959-4bf4-ad4a-2a14e14312e5,0,CPTAC-3
d0435f97-4052-4900-988b-cd5c94e5867d,1,CPTAC-3
d06d516e-25f1-4812-9e38-31b675b86417,1,CPTAC-3
15a57d06-841c-473e-b89e-389f1df3504a,0,TCGA-LUAD
d07b3c07-95f0-40be-8172-b3d98507770a,2,CPTAC-3
d11530dd-3470-4187-8046-e26401ccd91d,0,TCGA-LUSC
d1b72b3b-df9d-49b5-a2f2-b59f283b8735,0,TCGA-LUSC
d1cd32d0-a9d5-4225-86a5-9309e42a2ef1,2,CPTAC-3
d1d499d9-b57f-42ce-9551-f9f18efdbf07,2,TCGA-LUSC
d1df9c09-bc6a-4854-a923-8f3a8ede9ea5,1,APOLLO-LUAD
d1eead4a-c0f9-45d2-8466-e2ff24145ae8,1,CPTAC-3
15c2c11b-42b9-43f0-a954-b1133a34fcad,2,CPTAC-3
d1f98c65-fd27-4893-a5c5-bc0bfe16ac5f,1,TCGA-LUSC
d21e7461-c76d-4ae7-be02-313c3c34118d,2,TCGA-LUAD
d23c89e5-b295-40b7-a5e8-ee1d4a584dd4,0,TCGA-LUAD
d2436cea-20c9-4c32-98d3-61eb445865be,0,TCGA-LUAD
d25009ca-6473-4322-b44d-840547c775a0,1,CPTAC-3
d2ca6204-8113-4d2f-b919-ce840a453e99,2,CPTAC-3
d30182cd-80ad-4912-9404-20411c5253ea,0,TCGA-LUSC
d30a480e-39a4-42e6-922b-c5cda6826687,0,TCGA-LUSC
d3398831-597b-4b11-ad25-61fa384213f3,2,APOLLO-LUAD
d3aa3df2-e1b7-4a0a-b183-ac06e969c00a,2,APOLLO-LUAD
1677f6e6-b177-4f08-9621-4f762c3a2e45,0,TCGA-LUSC
d43ba496-86e0-43ba-9bf8-7fc07d150997,2,CPTAC-3
d43f4bcc-2938-41ec-8f14-75fcafa49fcb,2,CPTAC-3
d4778869-f3f2-481b-ab02-65a654128766,1,TCGA-LUAD
d52fa71c-9f59-407e-8481-d0ac47ba88b2,0,TCGA-LUAD
d54e9279-578f-40cd-8e55-fbd7af5279dd,0,TCGA-LUAD
167b35b1-7858-4b23-8b87-17c660b5d658,2,CPTAC-3
d5e29a6c-176f-4bea-9f51-8fc8d2e6ca38,2,CPTAC-3
d6612221-f6c7-4adb-8402-7df979b35e03,1,TCGA-LUSC
d66f6844-e0fe-4b1a-bbec-2f4e889eb46e,1,CPTAC-3
d6a0842c-cfda-4abe-9197-d1dba14ec313,0,TCGA-LUSC
d72c21fe-ff33-4f1e-a138-420968f1daf4,2,TCGA-LUAD
d732f454-65c9-43ad-9dcb-584b47fa4ae5,0,TCGA-LUSC
d7439e19-2ab4-4209-9628-16e6ae6bc11e,0,TCGA-LUAD
16868c31-baad-4796-a5ca-c65c902580af,0,TCGA-LUSC
d7b8c0a6-cae0-4097-ba02-abe04f545dc1,0,CPTAC-3
d7dc4bcc-d03e-4f5c-9dba-16f7741c96c6,1,CPTAC-3
d81df0fa-def8-4ad8-9266-86745a1842ab,1,CPTAC-3
d84121c5-5421-43a4-825a-40f357ecc97b,0,TCGA-LUAD
d849e09d-3614-435d-b257-8a895c0249ba,0,TCGA-LUSC
d8613cf5-7592-41bf-838c-5dec80454dc1,2,APOLLO-LUAD
d86a1079-2f10-4c42-9b6a-14498715c4ad,0,TCGA-LUAD
169b5555-f64c-4bbd-9c07-af0c42ddb6aa,0,TCGA-LUAD
d89f60e5-23be-42ed-86ed-4ae80a6a1baa,0,TCGA-LUSC
d90f74ef-a9d3-4e68-b4d4-17dddd822391,2,CPTAC-3
d9431251-cfae-44c2-a428-d80b96d58742,1,TCGA-LUSC
d980f19b-9abc-4241-afd0-5c34092bf095,2,TCGA-LUSC
d9865860-a4e5-481f-95e4-3592caf8e33e,2,TCGA-LUSC
d9b57a2a-537d-4782-a5cd-828cbc89c455,1,CPTAC-3
d9cbfa52-2481-420e-b5c9-5b8991d40d15,2,CPTAC-3
da03e1ef-f7e4-4c6f-8bd4-b2baf75e3a56,2,CPTAC-3
da204644-aaaf-48ed-9c8c-3f1ea0a36b3a,0,TCGA-LUSC
da334ea2-a848-4eab-9948-f82a831ba9d9,2,EXCEPTIONAL_RESPONDERS-ER
da5d8d97-8144-480d-808e-6a8108738229,0,TCGA-LUSC
da735a38-ac2a-4bf0-8945-ddd923ddd46e,2,CPTAC-3
dacb9396-4037-4313-bebc-074ffeab0d29,0,TCGA-LUSC
db07bd22-cf7a-4504-9491-1bdeb1e14339,0,TCGA-LUAD
db0b0468-4b6d-4d6c-a16e-0a28b5798ea9,2,TCGA-LUSC
db0caa6a-e863-4dad-a911-0c69127be9df,0,TCGA-LUAD
db3b76cb-5f0d-4df2-b42b-3e66e102b286,0,TCGA-LUSC
db5e9553-ca85-4dcd-9229-2ac1ba208d52,2,TCGA-LUAD
db61f20e-e44a-4992-a9f6-b54fc2dedfb6,2,TCGA-LUAD
db988c90-ccdb-408e-87e0-b10c3ea59621,1,EXCEPTIONAL_RESPONDERS-ER
dba9c344-546c-49db-91df-abd25ae4b0cc,0,TCGA-LUAD
dbb92362-c980-4746-b109-755c49db7be2,0,TCGA-LUSC
dbd7099f-ea3e-4b29-a7b3-dfeca0aa2970,1,CPTAC-3
dc26c8dc-9cb5-489f-9138-f748faa3b3f5,0,TCGA-LUSC
dc782ae2-13ec-4fcd-bae7-cafa8280d5ee,1,TCGA-LUAD
dcacaf1e-6bba-4fd5-a558-7856dc53f0af,2,CGCI-HTMCP-LC
dcbc607b-f0c0-4771-b5eb-2f8defb490a9,0,TCGA-LUSC
dcff773b-20f4-4c90-9a3f-78ef2e0f484e,2,TCGA-LUAD
dd6ec250-8d4d-4129-9664-7451c1760f4b,2,TCGA-LUAD
dd7b14a4-9c21-4b52-b094-296340a246f1,2,CPTAC-3
ddf190fa-393b-46f9-8793-c6eb4f08313b,0,TCGA-LUSC
de26de4a-c738-4a8b-a44a-0eab208c0db2,0,TCGA-LUAD
de82c428-0b33-48e0-a337-42ac0a434a24,0,TCGA-LUAD
17ddff0c-a5c2-4f82-b638-fe13c20de1d3,0,TCGA-LUSC
deb2d529-5ea7-4a41-be07-f9239d7ac759,2,TCGA-LUAD
decff0d9-8dd6-43c3-8969-0dd7576fd083,0,CPTAC-3
deddc259-f962-468a-bfcf-60da1e695833,0,TCGA-LUAD
dedf9f52-7ded-4cc5-bba2-da89a48b5176,0,TCGA-LUSC
df03bdab-42a9-4467-a767-b584bb60e926,0,TCGA-LUAD
df452e00-a7e9-4045-83fb-623885a542d4,2,TCGA-LUAD
df504497-a30e-4a11-a62f-dcb46e741dfb,2,TCGA-LUAD
df540788-5785-41f3-a43e-398aa9067664,0,TCGA-LUSC
18343926-5f51-4bb2-a699-96b31c862241,2,CDDP_EAGLE-1
df995d66-d541-42e4-935e-198829fbecb2,0,TCGA-LUSC
dfb6070a-cc20-441d-baaa-7327d6871b2b,0,TCGA-LUSC
dfc16625-247e-4744-8056-709acfa822e3,2,CPTAC-3
dfc3bc40-b667-4f75-a932-4074c0b0c408,2,TCGA-LUAD
dff43572-4e6b-4cd8-9f38-ed0c415337fa,2,APOLLO-LUAD
e07c8c75-5e6a-49fa-99a9-81202740554a,1,CPTAC-3
e086e4ae-af80-4565-858c-d8eb31f8ebc0,1,CPTAC-3
1860869f-ecb5-43ae-9714-328ff5748c2a,2,TCGA-LUAD
e0d2937c-f96a-4f57-874f-cd4b481de756,2,CPTAC-3
e0ddf105-4c89-4e8f-959e-b7c27edd2fed,1,CPTAC-3
e0f01ea0-8b06-4b4e-b80a-e3a9102d634d,2,CPTAC-3
e0ff7e04-078a-46a4-ac8c-8a287c1d608e,1,TCGA-LUAD
e10aaba3-1a82-405e-8fc5-81594351b775,0,TCGA-LUSC
e1494839-503b-4601-97c2-9dff2c6b7632,0,CPTAC-3
e1638627-67cc-44f9-9a79-6748968a06af,0,TCGA-LUAD
1876b908-e911-464f-be23-2b4eae0a43b6,0,TCGA-LUAD
e16ac2d1-b403-4ee6-93a0-f198c8106483,0,CPTAC-3
e173308d-ac80-4c15-9b0e-e5cb09321a56,0,TCGA-LUAD
e17426a8-cf69-4ed4-b54e-cc33cbadf095,0,TCGA-LUAD
e177e706-936f-4fba-be45-ba53ca518daf,0,TCGA-LUSC
e1b8346e-beca-46d7-8910-4a54d6597c75,0,TCGA-LUSC
e1eb9350-de69-454a-a37c-f9e1a5638ce4,1,CGCI-HTMCP-LC
e20ecad8-f22d-4e2d-99af-bc1be98c5128,2,TCGA-LUAD
1892ebbd-3e26-42c8-b8d0-3fae1122baae,2,CPTAC-3
e21fc8e8-1f42-4c08-a54b-0bcc0f70d816,0,TCGA-LUAD
e236e8c4-0cc5-460b-b259-0966f81d7d97,2,EXCEPTIONAL_RESPONDERS-ER
e2445ad6-2a6a-4ec3-84d8-93cc3c180a58,0,TCGA-LUSC
e24c79d8-899c-48bd-8a20-0a848cdb9993,2,TCGA-LUSC
e264fe2f-c01e-420d-9f5f-d3974eb19905,2,CPTAC-3
e2983e96-2ce4-48e5-8b65-f37d6f4242bc,2,CPTAC-3
e2a4cf03-0b12-477c-b292-c238627c3071,1,CPTAC-3
e3339500-9481-4a24-a3b8-65b86dabc920,0,TCGA-LUAD
18be89fe-3383-45a2-9c0e-b1246e88c82d,0,TCGA-LUAD
e3381c94-214e-4eee-aabd-51a53c542385,1,CPTAC-3
e37ffff5-f795-4ca9-b46b-f59344db48af,2,TCGA-LUAD
e39f6bf6-2206-45f2-a1c0-81fc1d858fd2,1,TCGA-LUAD
e3a36a1b-fa5d-41e6-a84c-bf9e1ffa99c1,0,TCGA-LUSC
e440451a-d436-4933-885b-3951e0767b42,0,TCGA-LUSC
e464e573-8420-4516-a4b0-27850d3a18dd,0,TCGA-LUSC
e46ec4b2-8b21-41e9-84e6-049b7200ca6c,2,CPTAC-3
e481f431-2b44-453a-864c-b733b9059142,1,CPTAC-3
02fe497b-25f6-40f8-9256-e0fedcbe9e95,0,CPTAC-3
e482a7c1-5986-47f8-bd3e-813a227b9358,1,CPTAC-3
e48bf92f-e072-400d-82be-e4b463a28928,1,CDDP_EAGLE-1
e4988cad-67b9-41a6-9640-2226d6b7424a,1,TCGA-LUAD
e4bb1f41-bf42-43f3-aba5-98f3a02a7e03,2,TCGA-LUAD
e4f1f5e7-b13d-4968-a6cc-b877f107e470,0,TCGA-LUSC
e51f7203-836d-4370-8de4-62c23c2d203b,2,CPTAC-3
e585878b-98af-4e3f-b03c-6b5a4e7a202c,0,TCGA-LUAD
191dca25-e199-4d68-9123-2bd9bfa832de,2,CPTAC-3
e5a633f4-9d09-44e4-ad7f-cf16b9ec3db5,2,APOLLO-LUAD
e60b6c8c-a9cb-4129-9177-f8b9da79bd53,1,CPTAC-3
e615e0d2-f715-462a-8132-1318bf79e2b1,0,TCGA-LUSC
e63161c7-b824-4056-8eae-682861e88edb,2,TCGA-LUSC
e6543906-a4e3-447c-8040-310979304204,0,TCGA-LUAD
e6629c88-a050-41ed-afe7-e74255f4d3b1,0,TCGA-LUAD
e6d4a439-2636-4ecf-b611-d2085c258730,0,TCGA-LUSC
19523b40-a72b-47d3-acad-9720a26128ed,0,TCGA-LUSC
e6fbcebb-6fe9-4b0e-aa82-cf42e72b8785,1,TCGA-LUSC
e789877b-6eb5-434c-85b8-a62a99937b98,0,TCGA-LUSC
e7ae9253-4c2d-41bd-9d3a-c37e9841f479,0,TCGA-LUAD
e8010ce0-d45f-4d6b-824e-7e451462880c,0,CPTAC-3
e824e07e-86cd-43eb-8f36-c60f36194f3c,0,TCGA-LUAD
e851fcff-9594-4b7f-8806-d182fee09e0f,2,TCGA-LUSC
e890955f-3a56-4ce0-a744-747b49c5b4cb,0,TCGA-LUSC
e8930982-0895-4d21-ae92-f5180dae0aa8,1,CPTAC-3
19bb0296-340e-4594-9a87-4134b15c7187,0,TCGA-LUAD
e8a0217b-86ba-47ef-83f6-1673cd259aec,1,TCGA-LUSC
e8da0b02-8b75-4a85-b91a-6f8d1582a95c,2,TCGA-LUAD
e8dcd3bc-674e-4e3d-bc11-21ed5914b6b5,0,CPTAC-3
e9381b02-b4ca-41fa-b21a-129345fae533,2,APOLLO-LUAD
e94ee4c0-43bb-4fee-aced-1fe6e9b1408f,1,CPTAC-3
e9a3e1f9-4819-4c53-98b9-831e957513fd,1,CPTAC-3
e9b58b5f-9246-4bf1-b921-1da50b471ceb,2,TCGA-LUSC
19bbe9c8-8ef0-4537-8182-c0803eb423d8,2,CPTAC-3
e9d3cac1-3a16-4e21-8fe8-a4944ce82cb8,0,TCGA-LUAD
ea4acacd-49cb-45eb-88bd-1ef744843db2,2,CDDP_EAGLE-1
ea7375d5-dc6c-4d71-ab75-0a7dccf7ff87,1,CPTAC-3
eac45bfd-6795-47a4-8d6b-5a7c8bc76cd1,1,TCGA-LUAD
eac5ebd0-d788-4908-8eb7-976d6b611667,0,TCGA-LUAD
ebaa5ec4-0c6e-4689-8c1f-6f5f89249151,2,CPTAC-3
19c3cbe3-33ce-4a3c-ad27-6466f373f78b,2,CPTAC-3
ec412ff4-25c1-4f8f-a291-b1dd414a64b7,2,CPTAC-3
ec95a8df-d3f9-432d-af86-d5be5b697634,1,CPTAC-3
eca32303-c94c-433e-bb9e-a299b33d83d1,2,TCGA-LUSC
ecf4dc55-b6a2-47de-8443-ce57b8362209,0,TCGA-LUSC
ecf70659-be5e-4c15-b9f2-f90839e22117,2,CPTAC-3
ed3bcbbc-0f04-415f-a083-e34cefa9e310,0,TCGA-LUAD
19fb2e8f-1227-4388-b553-1fc39c26ed48,2,TCGA-LUSC
ed87047c-76f8-4291-b70f-86fe6524770e,1,APOLLO-LUAD
ed9269ff-344c-48dc-8460-141913b5dc12,2,CPTAC-3
edb9cba3-6c54-4361-8920-583c0b2606aa,0,TCGA-LUSC
edc9bf50-9542-433d-af38-283b4e77f17b,0,TCGA-LUSC
ee8c3f00-4dc6-449f-bebb-4520063d276d,2,CPTAC-3
1a06f92b-21c5-4666-b666-8b9135a4482a,1,TCGA-LUAD
eeacf4ac-09cf-41a8-8066-c38a173e61b4,0,TCGA-LUAD
eeea1378-531a-4440-98d3-29cfc74ff6cf,1,CPTAC-3
ef047b70-6e14-4e71-a2d6-0b3f5373e7c8,2,APOLLO-LUAD
ef229777-5389-4bc3-a2cd-f885d7b5f3b8,1,TCGA-LUSC
ef2621f5-ec61-42ee-879f-9d7615372a5e,0,TCGA-LUAD
ef575aeb-e2e1-43c1-96dc-7c85d2c46ddf,2,CPTAC-3
ef5d5338-8447-46d7-b573-4c812f540b32,0,TCGA-LUSC
1a2c05e5-adb0-4022-b459-5d6555d1ddcc,2,CPTAC-3
efa0220c-08fa-4846-920a-f57eaad5492d,2,CPTAC-3
efae208a-2ce7-4cc4-9071-9192fcd6c668,0,TCGA-LUSC
efb3bf8d-7d14-42d6-8845-e81af909d47f,1,TCGA-LUAD
efcf7073-faf4-4965-9e86-49b44788620e,0,TCGA-LUSC
eff6c35a-c977-41f4-953a-eb20227991f4,0,TCGA-LUSC
f008184d-780c-4d48-ad7c-31b86c13e1c2,2,CDDP_EAGLE-1
f0112e37-cb92-40a9-8f9d-b524cc501a7b,2,APOLLO-LUAD
f0599560-eb57-4d05-b9be-09d70aa1baa5,0,TCGA-LUSC
1a4c524e-8e75-436e-8ccf-cce6ae3d6eb3,0,TCGA-LUAD
f0890456-1013-4e8a-9132-f05e2a1be5f2,1,TCGA-LUAD
f1093c10-734b-4358-831f-bdd48fef8a2d,2,CPTAC-3
f134bb5f-7ea6-4a38-85a9-150bb7c2eccc,0,TCGA-LUSC
f15dc2b8-c1e3-4e27-8245-c4706baa8517,0,TCGA-LUSC
f1925d79-5dae-40b3-8699-6ea713cae738,0,TCGA-LUSC
f19a1a66-ddc9-4567-80db-d009bb455b25,0,TCGA-LUAD
f19f38a0-9e3b-4d6d-be42-62671c5a7f63,0,TCGA-LUSC
030d778f-ecb4-44eb-8baa-4286e18c9fdd,0,TCGA-LUAD
f1acda6d-314c-446b-bac1-d59491b04f5e,0,TCGA-LUSC
f1b1d4ff-2556-44c0-80b0-1fd3b659c227,0,TCGA-LUAD
f1f94e9d-52e6-4fd1-ba74-ecea2df5a064,1,CPTAC-3
f201ba16-5cb7-42d0-9865-e413fffa3532,0,TCGA-LUAD
f24cdde4-9bd2-4cd8-ab7f-7d20776f063e,1,HCMI-CMDC
f2cfd77e-0bf6-4315-b72b-ce09169d8183,2,CPTAC-3
f2d6b758-501e-447a-a3d0-f899e532ac84,0,TCGA-LUAD
1a8fa56b-deaf-48ac-958c-46b5c86cdb80,2,TCGA-LUSC
f2dbb2df-c98b-42d1-9fad-9708bc42fa03,1,TCGA-LUAD
f2f16e96-2c61-47f3-a697-baec786f07a1,0,TCGA-LUSC
f31f1008-cde3-4ca6-8864-8b1e7efbb856,0,TCGA-LUSC
f36f6f42-60d3-49ea-8397-5a9663c54671,1,TCGA-LUSC
f3705f68-9ed0-4945-9554-5cb2a7dd20dc,0,TCGA-LUSC
f37c7314-1a66-4c2e-85b1-84adea5d1667,0,TCGA-LUSC
f3bd393f-b26a-4a09-8b00-521a0438b5bf,2,CPTAC-3
1ab1279d-7ccd-4450-8de8-9987bf6627dd,0,TCGA-LUAD
f3ea3593-5777-42b2-b4b6-561151817fde,2,CPTAC-3
f3f4afe4-9af3-4034-9605-d3a649583916,1,CPTAC-3
f4288244-7a1c-4a61-98f6-6c1a06ccde2d,0,TCGA-LUAD
f44487c3-b3df-43f9-8f8b-e5c80ee517f8,1,CPTAC-3
f47927c5-e1e9-4152-9817-79aa6e64111a,0,TCGA-LUAD
f4e560d7-8bfa-4514-9b33-2795aab5ce0d,1,CPTAC-3
f51ce896-53bf-4f3b-ac5f-a499b84a7add,0,TCGA-LUAD
1af8fb08-9f78-4db3-92f5-ee4df320c12e,2,CPTAC-3
f530328f-bab1-494c-b18d-a1ef73ff76c0,1,CPTAC-3
f56d0159-d339-441a-a2b8-5cd19b2fe376,1,CPTAC-3
f5c5e4f8-c470-4220-b7e5-e86fd731e26c,2,CPTAC-3
f5f995b6-3075-4cf9-be6e-cf350be932c5,2,CPTAC-3
f60cd94a-dd5f-4cbb-86e9-c5c97713fd04,0,TCGA-LUSC
f6853b8a-5bb5-4e1e-aefb-021ecbe0efac,2,CPTAC-3
f7a10e9e-496d-4664-b62d-c2d5e6ea662c,2,TCGA-LUSC
f7c8bdd7-48f6-4ecd-a4ae-78ffcb2fb28d,0,TCGA-LUAD
f81cd722-db09-40ee-9ac1-a0571f43dc30,0,TCGA-LUSC
f8670621-43a9-491c-81b7-8999ca9975a7,0,TCGA-LUAD
f8940207-13e2-4eea-bd8e-0f3658c29593,2,CPTAC-3
f89a0aca-3481-435d-8638-5aa61df552f0,1,CPTAC-3
f8b49a96-1e72-4867-8c50-befc1db61a55,1,CPTAC-3
f8c32b54-6007-438f-b374-820e506505fa,2,CDDP_EAGLE-1
f8d97584-0c4f-4bb1-b4a7-77d87aabc852,0,TCGA-LUAD
f907c91a-afdf-41b1-862c-20bfe7787a74,1,CPTAC-3
1b4213b1-729a-4776-9ef0-ba6dc15ce96b,1,CPTAC-3
f90939c7-6e24-4aa5-8c34-c1fc1b79e485,0,TCGA-LUAD
f93cc1fb-b3d9-4b1e-94bf-54e40b505b34,0,TCGA-LUAD
f95d3d81-2433-4018-a042-f24b9f04946a,0,TCGA-LUSC
f9cd1c16-3be3-415c-8d7b-9249c3b1c7fa,0,TCGA-LUSC
fa25b1ba-336b-48fa-88e7-7282c29afb41,1,CPTAC-3
fa2f8caa-a515-4c1f-8730-515e5ac38602,1,CPTAC-3
fa688f22-0772-4994-b019-0f3e23b3bf12,0,TCGA-LUSC
1b4d3f57-64ce-4b42-b1e9-9704a1a658fa,0,TCGA-LUSC
fb103781-9cee-4e30-a864-3d4e9c5b32ae,2,TCGA-LUSC
fb5fc040-9f48-4eb6-89b3-9c0407222201,2,TCGA-LUSC
fb60fc57-836c-42e1-bc96-042b82d1a878,0,TCGA-LUAD
fb8b1e66-d3f1-4ddd-b076-e2a5efdcc2a8,2,CPTAC-3
fbb2671a-ad73-4a1f-99ab-2b20e81dca34,2,CPTAC-3
fbed5e47-c86a-4a7c-9f6f-dcba64699258,2,CGCI-HTMCP-LC
1b991c2f-bd69-402e-a872-448fb8ef130c,2,CPTAC-3
fc3eb744-55cc-4734-985f-14b9629c3438,2,APOLLO-LUAD
fc732523-d387-4a1d-ab81-34e44e869bac,1,TCGA-LUAD
fcbd3365-3acc-440b-8333-67676fd2e270,1,CPTAC-3
fd22fbac-3add-4e12-8bba-49f42e0bb39a,0,TCGA-LUSC
1bcb7da3-a08e-4f9d-a960-fe7bdfe4222c,0,TCGA-LUAD
fd52d8a9-e044-4f17-861a-9780752b20ee,0,TCGA-LUAD
fd6f4cd7-77d2-483b-b002-94353f821b20,1,CPTAC-3
fe1c2811-57fa-4cd8-b5ea-305bb45aabb3,0,TCGA-LUSC
fe20855f-d3ce-4e02-b2dd-3df15eab44bf,1,TCGA-LUAD
0052ae83-7ae5-470a-a125-5cd94a9fa9e9,2,TCGA-LUAD
0341f229-a7c4-4a40-803a-ec2af78b8fa9,2,CPTAC-3
1bf0dbd6-04e2-486c-9d0b-5b23f9f7f836,0,CPTAC-3
fe79c09e-f0ac-4166-b789-33fa1d2fb9d0,2,TCGA-LUSC
fe9b5010-29bb-4e34-97b5-6ce5b512034d,0,CGCI-HTMCP-LC
fec22982-c32a-44bd-a1bb-0a377ed028e7,2,CPTAC-3
fefb2a51-9eff-464a-bb88-99b886e31698,2,CPTAC-3
ff184d74-848e-4a36-b52a-f1304f0996bc,2,CPTAC-3
ffc619ed-9dc5-4364-9384-46c9a7fee273,1,CPTAC-3
1bfed5a5-107e-4cde-a6fd-367ab7dd87ca,2,CPTAC-3
1c31bd56-1ce8-4276-a063-064c6d74033a,0,TCGA-LUSC
1c5de7db-7e05-4289-ace6-b59b6e2392e7,1,TCGA-LUAD
1c9ada61-d900-4498-9ef1-14a91212faf6,1,TCGA-LUAD
1cb23850-29d3-4bbb-a343-7335a48e5e2a,1,HCMI-CMDC
1ce39b8e-6053-4e64-aae1-f857e1b029d1,0,TCGA-LUSC
0344d3bb-8bb2-459e-bc1f-ba31c7470d08,2,TCGA-LUAD
1d53e7fd-c593-420a-a1b2-845c0195547a,2,CPTAC-3
1d7b2b60-11d7-4803-8c7f-45fc6ce45a25,0,TCGA-LUAD
1d8df3eb-b059-47f7-b3fa-f4eb3f568423,0,TCGA-LUAD
1e2233cf-4391-433c-9ef0-c215056ad02e,0,TCGA-LUAD
1e70da88-cc31-44c5-8858-7e99e865a3ba,2,CDDP_EAGLE-1
035e88ea-e471-434a-8b93-ea7cc5776a89,0,TCGA-LUSC
1ea2f6d0-bd58-4339-b1ad-ae86865970ba,1,CPTAC-3
1f149435-3964-491d-b192-ac277408384a,0,TCGA-LUSC
1f96573a-6a07-4a78-b846-4907724c8fc0,0,CPTAC-3
201c0fbc-124c-4ef0-b767-393443a47892,0,TCGA-LUAD
202e122e-1750-459f-b2ec-45c9b638962b,1,CPTAC-3
208d9341-7ba6-4167-8c2a-90ae6513e36f,0,TCGA-LUSC
03680aea-84a2-4775-bb9c-24f8c5907247,0,TCGA-LUAD
20bce22d-ac03-4799-83d4-02d68f3b11a8,0,TCGA-LUSC
210b66b4-8f90-4aab-9ba1-2f281b8d88ec,2,CPTAC-3
211ee678-7005-4172-b5de-71c4b38bfeb1,2,EXCEPTIONAL_RESPONDERS-ER
21285d92-3596-4a82-91ae-a99e22479a3c,0,TCGA-LUAD
215f38d1-a17c-4189-97f6-ae20361b0f3f,0,TCGA-LUAD
217b199d-2b74-463b-b6f0-2dbb75a304d0,1,CPTAC-3
2183f594-f9f6-4f8c-83ab-8aaf80fb2faa,1,CPTAC-3
21d21f1c-9490-4470-9e69-a6e4b629ce94,1,CPTAC-3
03dc3c08-c876-492c-8e19-b1227d238aee,2,CPTAC-3
22431696-bbee-44b0-9eb4-5a597eb80004,2,APOLLO-LUAD
2281a9d6-bd48-418a-9ad1-04b06a251e47,0,TCGA-LUAD
22cae278-eb88-4685-9ff7-667e53b50a34,0,TCGA-LUAD
22f2a85e-8cd5-43fb-b32a-1c6e689589ea,1,CPTAC-3
238a0f2f-8700-40e8-9ce4-4fc98d6f2b64,0,TCGA-LUSC
239d18cb-2886-48a0-9a3d-76558819dabd,0,TCGA-LUAD
23c1d327-8b24-428d-8859-c255227f252f,1,CPTAC-3
23c44b4d-b8c4-4bd7-b8ed-521fe6a0a071,1,CPTAC-3
249b6388-cdcd-477a-9461-cf0e41146230,0,TCGA-LUAD
24f70d4c-3861-489b-83b7-7a75fad38d67,2,CPTAC-3
253c29f2-5477-44ae-9aec-eff82b3a977b,0,TCGA-LUSC
253c806e-019c-4113-8b96-6cad516e225f,2,TCGA-LUSC
254bed99-398d-4c34-a804-67516d257e70,0,TCGA-LUAD
044d098e-c65f-4152-8939-3c315aed0073,2,TCGA-LUSC
25857230-7253-4929-a790-90815194b213,2,TCGA-LUAD
259941ae-c443-488b-b815-536b7f0d9efd,2,TCGA-LUSC
259c5564-2ad3-4639-9f1f-62206dfbdb54,2,CPTAC-3
25b60a06-ff75-4ede-bec2-1e580bd69f65,1,CPTAC-3
25f44be3-2e4f-4121-ac23-21bd3866dbce,0,TCGA-LUAD
262c1310-3584-4356-b0d4-3b4a6093c0f5,2,TCGA-SKCM
264541dd-c1b2-4d04-8553-aed23aafa546,1,CPTAC-3
04778fc1-a821-4029-a383-d88e711f3bee,0,TCGA-LUAD
26b89c7e-5fef-470d-a906-e383065b7a04,2,TCGA-LUSC
26c96b62-02b6-4108-9a2d-bec3d880db2a,0,TCGA-LUAD
26ea6a31-ea33-4bb9-814f-c0840dafe69e,0,TCGA-LUAD
26ed770e-bb71-464d-a723-5f7920a2bca3,2,CPTAC-3
26fc2982-0376-40d8-8829-50a6d8c71b85,0,TCGA-LUSC
270a13b3-158c-4251-8c6a-5bc5275e0ebb,1,TCGA-LUAD
27450388-ffc7-4812-b5b4-9819b0a74a0b,0,TCGA-LUAD
04822974-f030-4f26-9f67-f8bf28a54154,1,CPTAC-3
27884724-a2c0-4b3e-921a-54e5f8bf1faa,0,TCGA-LUAD
287a49c3-5971-4e4a-a7e3-334607818d9d,1,CPTAC-3
28a8fbb6-dd5a-4aa6-983a-20c33f2d8ed6,0,CPTAC-3
28ab7cb4-b27e-407f-b999-b411ecd263c2,0,TCGA-LUSC
28c4e11e-05cc-476b-9c17-97854f8f0533,2,CPTAC-3
28c5e16f-0a55-4b87-a494-0c73b527bec5,1,CPTAC-3
28da3fa4-9389-408a-8757-33be4fb8e9ca,2,CPTAC-3
28e41191-6834-4284-b960-d898ad7b3a99,1,TCGA-LUSC
293a5014-c866-487b-acf7-55a7637180ff,2,CPTAC-3
293f46b4-2e39-43a8-a6de-949fe057ac59,2,CPTAC-3
29505a06-ca86-41bb-93f8-12286214dfa7,1,CPTAC-3
2973cb07-6eeb-4df1-82da-2f4b3793c834,0,TCGA-LUSC
2984dbfd-3385-441d-9d4f-58cbc6093887,1,CPTAC-3
29bb005f-53d0-44e6-8626-d6bbe0dba8be,0,TCGA-LUAD
29dd3ad7-f2c6-4abf-8e81-6734e4bd8a6a,1,TCGA-LUAD
00810078-a4fc-4e1d-bbdc-e5e0d3080025,2,TCGA-LUSC
04c49a7b-325e-452c-950f-acb98d2e72a1,2,APOLLO-LUAD
2a037b6b-c2dc-4d7b-974c-77054355733f,0,TCGA-LUSC
2a4635a2-5b14-4a2f-bb52-c490eb3b7cb8,1,CPTAC-3
2a9f6775-bb04-4262-9eb2-d64a8e027010,0,TCGA-LUAD
2acf1776-9f3a-4fa4-a983-8ab127123434,0,TCGA-LUSC
2b0c6ae3-7e59-4b22-87a5-09d6461a0b12,2,CPTAC-3
2b70be3a-c6f2-4933-be0e-31e77d8b8228,2,CPTAC-3
2b896698-3b2a-4c84-9f48-50f01841164e,1,CPTAC-3
04ef3db1-3543-4771-a81e-888a4fcf7ba6,2,APOLLO-LUAD
2b951c52-c888-4826-8114-c9ab09e5e7c5,0,TCGA-LUSC
2c07cc77-ae2d-4dca-90f9-2cf894990b5d,2,CPTAC-3
2c45bd35-bd88-4f53-b8c9-6b54ce09c7b9,2,CPTAC-3
2c81c69f-e08a-4586-b3f9-33d4af417d1f,0,TCGA-LUAD
04fae5f3-cc86-48aa-a935-77195c1fa8bc,0,TCGA-LUSC
2d135613-d5e9-41c8-af31-8c6ffe073f58,0,TCGA-LUSC
2d99f93c-797e-49a5-8892-a4e31e17b9c3,1,TCGA-LUAD
2dcb162f-9903-4d4b-bf59-5d8f4e96e6d5,2,APOLLO-LUAD
2e0c7cfb-2794-4c86-b43e-8215c39186d8,0,TCGA-LUAD
2e192b44-dac3-477b-bc68-65d46b8c1a64,0,TCGA-LUSC
2e2eb2df-d002-49ac-86e7-5ed33e9eabf3,0,TCGA-LUAD
2e4e9e9d-5d02-4fa1-95a4-774f7c963652,0,TCGA-LUSC
2e5071ce-d8cf-46e5-9cc0-91353f0d643c,0,TCGA-LUAD
2e6b934e-48c8-4087-aa2c-e926badee25f,1,CPTAC-3
2ea24d12-dddd-4628-ab66-5c70805b07e2,0,TCGA-LUSC
2eeff8f3-84f2-47d1-8eae-3a293a5939f9,2,CDDP_EAGLE-1
2f2cc9dc-1d0a-4302-b674-02d56c259ff3,0,TCGA-LUAD
2f38a7d6-b3a8-4877-996c-039117fd5a41,1,CPTAC-3
2f558b20-191a-4773-84f0-e8e61cef283b,0,TCGA-LUSC
2f5caac4-af8a-485f-bba8-de1de089e82d,2,CPTAC-3
2fa40914-d149-4f67-aa78-64723258314f,0,TCGA-LUAD
2fd2944a-c3f5-4b94-85ad-44acee4dccda,2,CPTAC-3
2ff24c33-39c6-4171-af42-f54e4ee8b021,1,TCGA-LUAD
303615a1-9807-4992-866e-ec93e2ea8ce6,0,TCGA-LUSC
303c4f12-64b9-46ee-affe-b741504a217e,1,CPTAC-3
304d1243-0103-4bf7-919a-5bef507adb93,0,TCGA-LUSC
306febc7-f9b2-493a-9520-b9700d0f3e47,0,TCGA-LUAD
313f5ae9-bbea-41d6-82d5-9242b2610d91,2,TCGA-LUAD
31f07873-2605-4964-92ee-d93616655ef8,0,TCGA-LUSC
31f0e985-d875-442e-bb0d-842cac9e617f,0,TCGA-LUSC
32123ca8-2752-4343-9c97-e8b642acb9a0,2,CPTAC-3
323db203-f3fe-48ea-b1ce-75ebe25a9f69,2,APOLLO-LUAD
32e0a1ca-0cd8-4893-b3fe-5cd3a0260c8c,1,CPTAC-3
33015ecd-b610-4e17-ac84-6e375f7f59cb,0,CGCI-HTMCP-LC
3361d7bc-344b-44b2-97bd-ac0dc79b221f,2,TCGA-LUAD
3362c701-3af3-4947-983a-6039b67d1526,0,TCGA-LUAD
33dd6691-9357-4dad-83ae-48d59806b897,2,APOLLO-LUAD
33ff6f1e-2bf3-4238-a329-f84cb9c28583,0,TCGA-LUSC
05fa4573-6ca5-40dc-a48b-ec847b7c58ad,1,TCGA-LUAD
342ae6d9-d9b9-4458-8c39-19faf0c7aeac,0,TCGA-LUSC
343d36b9-64db-4092-aed2-c8b3dad8c2a6,2,CPTAC-3
347db78b-ddfc-46ed-9fe4-0ca52ac432ef,0,TCGA-LUAD
354da9d5-831b-42ab-9169-1517608c9dc5,2,CPTAC-3
355ece37-104b-43d1-a5e4-62cbed5ac0a4,1,CPTAC-3
0601750d-110f-451b-8989-fc4925156de3,2,CPTAC-3
359d07bf-89e3-49fd-8237-723ffb299cfb,1,TCGA-LUAD
35c1a6ef-49d5-4f3e-8333-c0de3c3933d7,2,CDDP_EAGLE-1
36101746-9c10-478e-96fb-8b47d057a6d4,2,TCGA-LUAD
361e4878-4535-499d-9987-7295a078bbee,1,TCGA-LUAD
36432508-6673-489b-aefe-d172b83abac2,0,TCGA-LUAD
0614c3dd-673e-4dd4-9c5b-4311176b34d1,0,TCGA-LUSC
371fd35f-eb3c-4346-8197-8ecf4c9ce220,0,TCGA-LUAD
3740b99b-4991-459e-9a8c-1af5ad4e498c,1,CPTAC-3
3763967f-32cf-431d-bea2-9492736c4d57,0,CPTAC-3
379c8d7f-b2cc-48c5-96ae-f996e57701eb,2,CDDP_EAGLE-1
37c3f067-219c-48ba-bff8-8917fd91446e,0,TCGA-LUSC
38259364-ebcb-4f5f-8471-8ffe7e3267a7,2,TCGA-LUAD
383470fe-2f7b-4ee7-aa59-f8238df585f7,2,TCGA-LUSC
00ad0370-5339-4136-800c-56d4250af0ab,2,CGCI-HTMCP-LC
06853a17-c3e8-42dd-800f-529366a4170a,2,CPTAC-3
38b11bba-e93d-465b-b04a-927e48341ff0,1,CPTAC-3
38bc7dc7-3a4f-4fd9-ad6d-306dc8a3b7f6,0,TCGA-LUAD
38fdc42e-a5c7-4086-91f4-40f9dbe07dc1,1,CPTAC-3
393a1776-5f0b-4411-8266-5687be14dbfc,2,TCGA-LUSC
06a639d9-ade5-4cbb-91b0-a41449ce4f49,0,TCGA-LUAD
3976128b-36ba-4bf0-8121-867e89aba2c9,0,TCGA-LUAD
39ae30f5-8b8a-4d36-89b0-f9dd256fe6c3,2,CGCI-HTMCP-LC
3a0bf450-e1f0-44b3-81e0-fb4fdda6e54e,0,TCGA-LUSC
3a4e6744-061e-4217-988c-a0db5dfeba32,2,CPTAC-3
3aa53aa2-97cd-43a8-b7b1-09f0bf6381dd,0,TCGA-LUSC
3aa81439-d4cc-41ef-9568-e6a11c8b1b52,0,TCGA-LUAD
06ca30ec-156b-4f5e-9466-4563296a589d,0,TCGA-LUSC
3b330826-4dba-481f-8813-7b179c9a84e3,2,CPTAC-3
3b38f2f6-1dc9-415f-ba13-54ecbaa82235,0,TCGA-LUSC
3bbd159a-d840-443f-9c57-060928bb51ef,0,TCGA-LUSC
3bc1adb4-ab96-4a37-8df8-8cf9f8689523,0,TCGA-LUSC
3be772ed-21fa-4d87-9e58-fc9f9b7b9323,0,TCGA-LUSC
3c03e4c3-c684-40c4-9d0f-9f6e36493ae1,0,TCGA-LUSC
06d5f913-5f62-4200-8a51-26c8fa2052b4,0,TCGA-LUAD
3c0c8a3f-a064-4086-9f5d-e67336b1e15b,2,CPTAC-3
3c421a7f-8bde-4b4b-90e5-cf0ea11274ab,0,TCGA-LUAD
3c4db535-fa15-467d-93b5-af35b952f867,2,CPTAC-3
3c5605f5-6c56-404f-918d-72852e4f19a2,2,CPTAC-3
3c9482b7-95fe-40b3-b535-4b92af0a5303,0,TCGA-LUSC
3c9960fd-92f3-4bab-9771-933c95edc37f,1,TCGA-LUAD
3ca2ec6c-4134-4595-9c5e-68c886d3aa1c,0,TCGA-LUAD
06e1708b-900a-49a2-81f4-e4443fefbf5c,0,CPTAC-3
3cbe42eb-653f-4d85-aa94-e803a1f3516b,2,TCGA-LUSC
3cd897bd-893e-4497-b9a5-56141816cff4,0,TCGA-LUAD
3ce6800e-9df0-45a7-9e18-7e141911e4e9,1,TCGA-LUAD
3ceaa569-c317-4e2f-a8e5-77db311e6032,1,TCGA-LUSC
3d08a99f-46c1-4e06-a042-521a54ebbe1e,0,TCGA-LUAD
3d6cb261-d0c4-4e98-8918-d7d678cb97ae,2,TCGA-LUAD
06e8f5c1-1ba7-49fb-8591-0a5f5c6a6d41,1,APOLLO-LUAD
3e6105ba-3a23-4ac6-bf0d-1193fb2e679e,1,TCGA-LUAD
3e752bb7-c91d-46f8-ba39-a40e26357b4d,0,TCGA-LUAD
3e75759e-9e29-4904-b02e-30fef3bf106a,2,CPTAC-3
3f441cc8-98bd-4650-b5ad-19ae8542b666,1,TCGA-LUAD
06f870ec-4f6f-4ba4-9854-e791d143a714,1,CPTAC-3
3fc2b15c-81d6-4bba-b7c1-d8aa0d225da2,1,CPTAC-3
3fda6937-0bd4-46ae-a47e-5c64518ee1ff,1,CPTAC-3
40390549-49db-467f-be6d-6dea152d6b21,2,CPTAC-3
403d50f3-c750-4fda-9544-b20b10064d9b,1,CPTAC-3
404b3699-4707-49aa-b0d2-a0999bbd48e6,0,TCGA-LUAD
4051c6ce-d244-4254-9af6-a5fce0897910,1,CPTAC-3
40709219-4df0-4565-a9c7-ce70e0d1f0dc,1,CPTAC-3
4086a57b-e41a-40fe-b2ba-8f337c00438f,2,CPTAC-3
4089d037-ab25-47a6-be68-19742473cbc6,2,TCGA-LUAD
40e350a6-fda3-43ff-9405-bda7a7c534ae,2,TCGA-LUAD
4177e87d-f965-4f57-b759-8c1797d80332,1,CPTAC-3
41e96482-bc24-4a1a-8ef2-8ef4d525ad40,0,TCGA-LUAD
070c3a23-71f2-4601-a566-d16545ee9766,2,CPTAC-3
41f852c7-01e8-46b3-8082-da2e00a4ef9d,2,TCGA-LUAD
420632d5-48e3-45f1-8480-3ec4d381ea55,1,TCGA-LUSC
4213466a-89e1-4273-92b0-948e921fd59a,0,TCGA-LUSC
422c741f-5890-46fd-9135-c8534d40ff96,2,TCGA-LUSC
4247f404-2863-4e39-a3e5-e2046e633f23,2,CPTAC-3
4297f902-2495-48fb-af36-31e61f727215,0,TCGA-LUAD
42ae1d1d-6c6e-4e38-abd6-6516e0c9ec48,2,APOLLO-LUAD
42be8d70-f8a0-49ea-94a9-58e320337843,2,TCGA-LUAD
42d4ea43-9f0b-4cc1-b1a5-63f55aaef35a,2,CPTAC-3
437084c6-0510-42f8-83b3-cb9e3c29a3f1,2,APOLLO-LUAD
4394ba2a-2229-4960-b346-cc654623650a,0,TCGA-LUSC
4406cfe6-b655-4e52-b943-6e77ccb4c3b5,2,CPTAC-3
4473e5ec-dee9-462c-8433-c51b29c4626e,0,TCGA-LUSC
44959554-954a-43aa-aa22-1b2db64a790f,0,TCGA-LUSC
44964e02-9283-4a48-a9e4-006a75d4120e,2,TCGA-LUAD
44b7898f-4a1a-4e16-b6df-3d92525b026e,2,CPTAC-3
44ba9214-4e57-4e62-9b51-1bd0d39d437d,2,CPTAC-3
44d32b2f-6db0-4bd7-ba0e-1561c12a3b4d,2,CPTAC-3
44d8e988-1a2b-4588-a64a-cf5a6c164e03,0,TCGA-LUAD
454cc158-5444-4201-9672-ef1d1f0516ed,0,TCGA-LUSC
4558d507-e05a-4cff-8ce1-edb5b416e211,2,CPTAC-3
0758a891-b175-4ad6-8f2f-6668f757c37e,2,CPTAC-3
456f3881-1c66-432a-87b1-9e8a967088b7,0,TCGA-LUSC
4573b2f9-c6f4-4457-8db8-25e60abd1a38,2,CPTAC-3
45963ef7-e5f1-41e0-97b0-6b6bc7905f2f,2,APOLLO-LUAD
45c6656d-a8f3-4968-aa40-142f3a340dde,0,TCGA-LUSC
45d4b468-9089-46fd-8b5e-ad80a5148abd,2,TCGA-LUAD
460ef0b3-7898-4f4d-94a0-21a6aa7440e1,0,TCGA-LUSC
0765d9e8-0fec-46bc-832a-89945435d5b1,0,TCGA-LUAD
46211d46-b4da-43ed-8b36-abbed4f4f27e,1,TCGA-LUSC
46381236-1918-4c07-80ec-fcd27e322c7f,0,CGCI-HTMCP-LC
46426e38-f14a-4102-968d-76c76bcd60d0,2,CPTAC-3
466db517-921b-47e8-b249-b4c9bd714bfd,0,TCGA-LUAD
469dfcd7-f60f-4f1a-a4da-ed7190f23263,0,TCGA-LUSC
46a5c6c0-f460-4036-b3e6-eea9ec82ea14,2,TCGA-LUAD
46c07a84-2b4b-4a9b-80ef-86deb142530f,2,TCGA-LUSC
46ef57a2-e2ce-4ffe-9ce8-c043c6065863,1,TCGA-LUAD
470afda8-c4a4-4161-b6e7-1f0d2372d2c7,0,TCGA-LUSC
0766019a-c9b7-4224-973e-f1cfa16082ac,1,TCGA-LUAD
472406b3-cc1a-407e-bf38-a79046cfa952,0,TCGA-LUAD
4756b201-87c2-4428-b2cd-f933422fe8cf,1,TCGA-LUAD
475fdbbb-3d3a-4d56-8d0e-34dfb8cb6346,2,TCGA-LUAD
477a2b9e-22f2-47f8-9cc9-9e10f0eec04e,0,TCGA-LUSC
477d7181-e081-4577-ac06-e508b1239989,0,TCGA-LUAD
4833219b-b619-423e-b3f3-d6f2c6cbbf39,2,TCGA-LUSC
4838ce1a-c601-45d9-b71f-f0c7e2fd6f2a,1,CPTAC-3
48d5fe32-37ca-4717-af64-1343a3561849,0,TCGA-LUAD
4928764c-6c45-409a-b886-b9b458d37c2c,0,TCGA-LUSC
49453e81-56b8-43b7-b56f-6195038a1142,2,TCGA-LUAD
497349a9-7f70-4dba-8b56-a3c890c3f161,0,TCGA-LUSC
4984b299-0acf-4afa-bfff-cb2dd4783100,2,CPTAC-3
4a5e443f-a039-4046-804f-6fbff3af03e7,1,CPTAC-3
4ac2b293-a3c3-4441-b669-02a24518cab7,2,CPTAC-3
4b3d6048-0800-4f17-a30a-2374a82ea1d9,1,CPTAC-3
4b5499c4-6607-4e29-92b7-4db1c4411fa9,1,CPTAC-3
4b8fa723-5547-4ddd-b09f-04405a35b035,0,TCGA-LUSC
4bd86df0-6768-4741-8d01-51fe34dd57fd,0,TCGA-LUAD
4c2a4d47-67dd-4c12-8f3b-1c55eb6fd00e,0,TCGA-LUAD
4c32902f-2524-4f84-a061-72d83d798564,2,HCMI-CMDC
4c37a5fe-812f-42ac-aa56-259b31df6894,0,TCGA-LUAD
07d08b91-1a87-4b2c-830d-8eb3b8a27578,1,CPTAC-3
4c994cf9-52d0-4c05-97c0-fd2d3ffb9100,1,TCGA-LUSC
4cc67048-d7c5-45ad-be7e-2c1d7d472b81,1,CPTAC-3
4d9abbb0-abe1-4c05-b531-d884e890555b,2,CPTAC-3
4dbd91d6-8d7b-4e6d-9dc1-3347c3f3996d,0,TCGA-LUAD
4e1add14-24f2-4ee0-aaf6-053116115a52,0,TCGA-LUSC
4e27513c-172b-4d19-a397-ade6df353e6c,0,TCGA-LUAD
4f00f94a-f0db-4840-a230-3bc9866bc184,0,TCGA-LUAD
4f0dbf78-5611-47d5-afe2-81da133c5020,1,APOLLO-LUAD
4f445830-077b-4d1c-b696-02e8e2be2400,2,CPTAC-3
4f4ab20c-f812-46be-b423-d66c63c372b1,2,EXCEPTIONAL_RESPONDERS-ER
4f59681b-3811-4569-aa50-ed031f7e370a,0,TCGA-LUAD
4f693c4f-7981-46a6-9201-0b031ce5769c,2,CPTAC-3
4f7d265c-1060-4d43-9846-03fdb3d77bf1,2,TCGA-LUSC
4fb72adf-dc84-4945-850a-2d2e585bdf24,2,CPTAC-3
4fc02a5d-6ed0-4d50-89a9-9d9049c44380,2,CDDP_EAGLE-1
0811dae6-0c8d-42cf-9384-81649d072407,0,TCGA-LUSC
4fc4b4e0-6a01-4e8f-89f8-f68203f0105d,0,TCGA-LUSC
4fdf0e12-16fe-4e4c-bd77-cb45dde976dd,1,CPTAC-3
505837a5-3213-4a80-99f7-fe5064c205b3,2,APOLLO-LUAD
508c6166-6095-4133-a42a-79d75b0c0e31,0,TCGA-LUAD
50966d1a-3934-4fb5-9fc4-71f399cf5105,0,TCGA-LUAD
50ab8fbe-e572-40c5-86d3-d0134b2c074a,2,CPTAC-3
50b65b22-9ade-4291-aad4-ae34c9a215e1,1,CPTAC-3
50cca459-fde7-4cd3-a21c-5b60bdb3403b,0,TCGA-LUSC
51054c11-8e2f-4f52-bdaf-ebb515508a28,0,TCGA-LUAD
510a2758-d63e-4d74-9de7-c8b164e2881a,2,CPTAC-3
512d6df8-7801-4c3e-a914-5c16ac7d03f4,2,CPTAC-3
51847dea-489f-4df9-84f8-26a6f2579620,2,TCGA-LUAD
51b77f56-8fbe-461f-8bfa-e27442045ea6,0,TCGA-LUSC
0869efb9-b167-45af-8b2c-67433e39baad,2,TCGA-LUAD
51c0568a-3e54-42a0-b805-0a90905cc865,0,TCGA-LUAD
51dabe2f-bc16-4157-8e09-507bd1050085,2,CPTAC-3
51ec5a15-11e8-435a-a3e0-2a99690309b9,2,TCGA-LUAD
51f545d2-3da2-46c1-9ed4-204133701dad,0,TCGA-LUAD
52055266-7b4e-4fc4-bae0-6e39d76cff59,0,TCGA-LUSC
52d91ece-345c-4c5d-800a-121955b93c66,0,TCGA-LUAD
533b91d0-207e-426d-9b2f-124c2d8c07cf,1,CPTAC-3
0885869c-6a39-4824-92b5-1a7ecdb1a3bc,2,CPTAC-3
534ecc72-6ff4-480f-8f0b-7a6bededcf33,2,APOLLO-LUAD
53603b2b-4570-4c61-a4df-c44c9aba138e,2,APOLLO-LUAD
53b14fb6-9f29-412a-921b-49e270fa2039,1,TCGA-LUAD
5403fcdd-3011-4ec4-ab0d-7fbe0b49a927,0,TCGA-LUSC
541ccd05-1933-4e8e-863f-e0145af65852,2,TCGA-LUSC
543bccea-3c04-452f-aa0d-e978eb531c0e,0,TCGA-LUSC
550ec5d4-6618-4882-a783-be48163b6c30,1,TCGA-LUSC
55302918-9446-4762-8889-d3be50bb54d0,2,CPTAC-3
55831884-c907-457d-bb2c-7c7b3f7c4cd1,1,TCGA-LUAD
55a9ef90-80c4-45af-b65f-8c3766ad93a6,0,TCGA-LUSC
55bbaa27-e618-48d6-bac3-80e9cfbcdf2c,0,TCGA-LUAD
5612d369-8009-4b81-89da-b2d396445e35,0,TCGA-LUSC
08971a88-cb64-4030-93e5-08d77d2ed654,0,TCGA-LUAD
5695292b-7c39-4ee6-94e8-987f4a456635,2,TCGA-LUAD
569f33e2-428f-446a-aa55-8623f04b7bba,1,CPTAC-3
56bc47f8-58d6-4431-9d86-35b8b64b8025,2,CPTAC-3
56e9a740-ee72-4c10-a90d-921034141b42,1,TCGA-LUAD
56ea0ab4-b6d0-431b-97ca-03dd27f2b906,1,CPTAC-3
576ad342-ce70-4c3c-b69d-8f1f5c4cd358,0,TCGA-LUAD
577f10d0-c9a2-47c3-aa2f-b1bd5bd86d90,0,TCGA-LUAD
089f5565-a97e-4c9b-9836-32813af15086,1,CPTAC-3
57ede4c4-ac47-4caf-8168-ab4a2db28a3f,1,CPTAC-3
586ef291-7051-40be-80a1-8049e5433202,0,TCGA-LUSC
58761a85-042b-49fc-a684-6eab1b757a3c,2,CPTAC-3
58b434ee-4ef7-45ca-a100-84f43a514697,2,CPTAC-3
58dcd45a-714f-4a22-b367-813dd41829de,2,TCGA-LUAD
594b0f6e-9661-46b6-bd57-3a38ccad74ec,2,CPTAC-3
59966166-4dd0-4d21-9362-800fbd51f358,2,CPTAC-3
59c2ec67-d198-4ac9-a3b7-c3ea1137baa9,0,APOLLO-LUAD
59d541c5-beca-4fe5-a846-0ffc65187583,0,CPTAC-3
5a7bd024-3d92-4e64-86bd-b6eea34f6526,0,TCGA-LUAD
5a8f132f-2cbf-4564-8af3-658ebf569539,1,CPTAC-3
5aa5951f-7d96-4fef-b437-e234153ab0a7,2,CPTAC-3
5ae6a0f5-4613-450d-8be0-9a126f4eea1f,2,TCGA-LUSC
5b67aca3-b93e-4b81-8e0c-9fde02203a35,2,CPTAC-3
5b99d571-43d2-4d26-9a3b-0a299a0ce048,0,TCGA-LUAD
08d83462-5fcb-40c6-9d44-dbc42faa4df6,0,TCGA-LUAD
5bb8ce26-770f-48cc-a481-466469d34073,2,TCGA-LUSC
5bdc82d6-7854-4cc8-83da-10979c9ede05,2,CPTAC-3
5be877e7-15a7-48e6-b05a-cb1dfa39aa25,1,TCGA-LUSC
5c32fbb8-55ee-4bc9-a0db-d8ac0b04bdc4,0,TCGA-LUAD
5c3ec03d-d9eb-48e8-b132-5733dcf83131,0,TCGA-LUSC
5caf3127-967f-4d07-b49d-7126728e2048,2,TCGA-LUAD
5cd9753a-e3fd-4b7c-b62e-70636fd95d33,2,CPTAC-3
5cdfbd13-9630-48a5-9f3e-6b17658e877a,0,TCGA-LUSC
5cea4106-64fd-4d00-b978-d5ba676ded7b,2,TCGA-LUSC
5d0e6235-fe18-4081-a8f3-51e21c282303,2,TCGA-LUSC
5d65e761-0cb3-4e52-b14f-79be5850dba4,1,TCGA-LUAD
5d703777-b3db-4ed5-952b-203a5641767e,0,TCGA-LUSC
5da11eb6-0570-43e8-bb80-05fbd75bb347,0,TCGA-LUSC
5dad1e97-fad2-4865-90fd-baf08a0b0c53,0,TCGA-LUSC
5dd8168d-fe35-4a32-8520-1deaef953b10,0,TCGA-LUAD
5dff30b4-5d48-45ca-aafd-3b11a76d2914,2,CPTAC-3
5e19e9fb-6658-442f-a074-ab556962f63d,2,CPTAC-3
5eba9df8-a54a-46fc-ac89-d433c381d1f3,2,CPTAC-3
5ecc0434-948f-4f8e-99f1-cb9d30e978bf,1,CPTAC-3
5edfb99b-ef38-4f97-a59b-efea8738442c,1,TCGA-LUAD
5ee6778b-691d-4d5c-b338-92c9758c7591,2,CPTAC-3
00bc0fe4-481a-4893-b57e-d5113a6bcce2,2,TCGA-LUSC
091d2c9e-a8cb-4212-a434-7c7d4fd75f7b,1,TCGA-LUAD
5ee8c1db-8fd4-4242-9e60-5651cce2059d,1,CPTAC-3
5ef157e9-bb3d-4214-a946-f5bc2bbf74b6,0,TCGA-LUAD
5ef3c292-f498-452e-906c-b8ad23444831,1,CDDP_EAGLE-1
5f2d965a-25df-4736-a675-efeb59341a04,2,TCGA-LUAD
5f4fa91b-489e-4ac9-b685-53952f77bd7a,1,TCGA-LUAD
5f9b0a2a-cc1c-464f-8c4e-534475e98fe5,2,CPTAC-3
5fa5664e-daf5-4082-8d39-703a5d650e43,2,TCGA-LUAD
09296d1f-9877-438d-96d8-7b4cc52940dd,2,TCGA-LUAD
5faf8a12-a2aa-44f1-b099-02106766ec94,1,TCGA-LUSC
5fc2465c-ea55-4197-87d2-a3822c8164ef,2,TCGA-LUSC
601e1be4-db93-405e-96cf-1fd534af6ae2,2,CPTAC-3
61281e25-4a72-4567-b7d1-4ab5ce586235,2,TCGA-LUSC
612fb672-f06e-4cb2-a306-958b161406fb,1,CPTAC-3
093527d0-4b50-4ae4-8a69-eecc671262f8,2,CPTAC-3
614cd2d9-e7f9-4247-a38f-f4ac8fd3b484,0,TCGA-LUSC
615faed0-0fb6-417c-95ea-b4902fe179e8,2,APOLLO-LUAD
6170ecbe-9ede-4afe-b020-655a903d96aa,0,TCGA-LUSC
61761914-373e-406f-8bd9-c4c77ca0a782,2,CPTAC-3
61972b59-3834-4f86-b340-ee15b1a530ee,0,TCGA-LUSC
61e08327-b344-426c-83f6-4669fa77c3d6,0,TCGA-LUSC
624dbe76-d5ec-410f-ab2e-d8c81bc3b93d,1,CPTAC-3
6250fcd1-8327-4906-bdff-4d2c3d37e2b7,2,CPTAC-3
62560d5c-0cae-4fc7-820a-9c1236eb2c80,2,TCGA-LUAD
6267fc41-baaf-4e1e-ac39-cae1929901b2,1,CPTAC-3
62a31fe9-37df-432f-be85-8bd0f2c9437d,1,CPTAC-3
62b3b5dc-197f-4048-80c0-a6816dbc9c60,2,CPTAC-3
62b65fcd-a4ec-4248-bacc-a624ec45690c,2,CPTAC-3
6359ce06-e708-45bb-9305-6780635d17be,1,TCGA-LUSC
635fa3ba-a336-4625-ab17-d57574283299,2,CPTAC-3
09f9f414-db5b-4b54-9e8e-234bf9d7c678,0,TCGA-LUAD
63853c66-8004-4205-8c0c-9b92d02f7ea1,1,TCGA-LUSC
63a884f4-0d20-4cb5-b485-72e066b6490f,0,TCGA-LUAD
63f5b69e-2307-4be6-98e4-b0f57b6394d0,1,TCGA-LUAD
648b0d02-f264-4d88-9997-baed8f000a60,0,TCGA-LUAD
64c35a37-5b92-4e2e-831d-9bbe50401dd5,0,TCGA-LUAD
64e6bbab-b624-4a47-ba2e-16e41f9de8fd,0,CPTAC-3
6525f4e0-ba79-4576-89b3-df0ab6e45309,0,TCGA-LUAD
65339348-c64d-4fad-8caa-e14c99c4857b,1,CPTAC-3
6590155e-5fe1-460a-8ed3-a4d8516d55b2,0,TCGA-LUSC
65b87b34-fca0-4ffe-853e-1edf2cee7bbe,0,CDDP_EAGLE-1
65b91a69-f98e-49b5-8f87-667dd0aeafdf,0,TCGA-LUAD
09fc1122-9213-460a-84d4-b9bf9e3816a6,1,CPTAC-3
6602d654-29ff-4e06-9746-7f2182e3b112,1,CPTAC-3
661b6fed-d56a-452b-adaa-4b48ee9f4dbb,1,TCGA-LUAD
665a7af8-9c2d-4a31-9a22-da89fc7107b2,0,TCGA-LUAD
6661360a-3532-4876-a994-580d1bba454e,0,TCGA-LUSC
668d7295-629a-496a-b525-b5b8157baf11,0,TCGA-LUAD
66e79734-9053-4f61-9a32-bee376f5dab0,2,TCGA-LUAD
67543f50-3821-4723-842d-3924b9a32142,0,TCGA-LUAD
676b25a9-1156-4b4e-84ed-94d4d3b2250b,0,TCGA-LUSC
67935f35-b7e3-43a5-bc79-db1b858f333f,2,CPTAC-3
67a4e5b1-80d2-4258-974e-57c1dde303cb,2,TCGA-LUSC
67ae97ce-21c6-43aa-bbfe-f6020d3ef254,2,CPTAC-3
6855a406-c085-45c7-b789-981786f0c775,2,TCGA-LUAD
6856eeab-2013-4450-a936-fd647bde89ae,0,TCGA-LUSC
685ee5a5-2110-4756-a17b-aaf1b57c44ca,2,CPTAC-3
0a7d4db5-4dd8-4eb7-9798-afb3c0a7ebd7,2,CPTAC-3
6865ffe3-bf51-4f24-8028-03eedd1c4c6b,1,CPTAC-3
68b00cb6-4335-4c64-a3e0-0c29ed574480,0,TCGA-LUAD
69179b4c-05fe-4b34-adfc-4d0fa1d3c7c3,1,CPTAC-3
692a5c89-8f1a-4e23-a490-b092c6bb37c5,0,TCGA-LUAD
6938d1db-96a5-4250-9e5b-a13196bbaa67,0,TCGA-LUSC
69537a05-0fdb-4e2b-8343-ae2169965aed,2,TCGA-LUSC
69597166-3669-4a7a-a340-99e4c03b6679,2,CPTAC-3
698fc65d-aa7a-4928-8956-154a23651685,1,CPTAC-3
69918f28-2eda-43d2-83a6-024e6c047cc4,1,CPTAC-3
69933ac8-e7a7-43b6-8231-2ecb35f88d52,0,TCGA-LUAD
69a379e5-c8ba-43ed-b267-bad111c851fb,0,TCGA-LUAD
69e5ad60-4e16-4426-be6e-b82e326a7e94,1,CPTAC-3
69e97c5b-4c8a-4710-a0f6-48ebfd917f5a,1,TCGA-LUAD
69fdbfc4-16f0-40c4-8919-c4659c33ee2a,1,CGCI-HTMCP-LC
0ab4a1bc-c9e6-4ab0-9582-4b364cd029db,2,CPTAC-3
6b3887e7-fbf3-402a-bd2d-895ad964dfbe,0,TCGA-LUSC
6b6751a5-2dad-4bb4-bfae-b2239770fad8,0,TCGA-LUAD
6b8299fe-8b53-457a-9763-78175e3f8756,2,CPTAC-3
6b84bfcd-e302-41db-9128-b8e4f075a282,1,CPTAC-3
0ab50cf8-9530-4c83-830a-0e39bb0d83e2,1,CPTAC-3
6bec00ac-81d0-4f29-bb4d-99102992914c,0,TCGA-LUAD
6bff99d4-8131-4e5f-8bc8-57bb4675d580,0,TCGA-LUSC
6c20a899-c806-46d0-b744-a26e53a9cb45,1,TCGA-LUAD
6c254294-98e1-4df0-ae22-0c678095473c,0,TCGA-LUSC
6c3c1183-9eda-4379-9a1d-feb4e0fb1f01,2,CPTAC-3
6c663821-9d35-407b-bba3-73fd0aa31798,2,APOLLO-LUAD
0af62678-02f9-40a8-ac09-f72d0aa3ad3a,2,TCGA-LUSC
6c73f379-0364-42b5-a08e-0baba850aa10,1,CPTAC-3
6cb5b5a4-3ef8-4707-9a75-c1fe5f0fb24d,2,CPTAC-3
6d0c282d-43d7-44fb-94e6-25771385e326,0,TCGA-LUAD
6d44fc31-0108-45d6-bfa9-e072347b10da,2,APOLLO-LUAD
6d4fb0ff-4a4a-4158-9d75-8765f4bc8500,0,CGCI-HTMCP-LC
6d4fc521-df92-4d04-8118-d363ac31bfa8,2,TCGA-LUAD
6d67e2bf-dedc-48eb-bab7-19fca3b84323,2,CDDP_EAGLE-1
6de6d0cc-90f0-412d-80e6-c50f047d921f,1,CPTAC-3
6e46c824-acbb-4ef1-9b07-f952f89526dc,0,TCGA-LUSC
6e6328d3-251d-4b16-8990-2b43623a99c5,2,TCGA-LUSC
6e82e06c-469a-4983-9598-4fa265481d0d,1,CPTAC-3
6ed3a19f-af35-42c0-8961-3e228abc6b7f,0,TCGA-LUSC
6f0aa705-a972-4ce4-b03b-12e7b63143c0,2,CPTAC-3
6f0c63cb-fffb-4305-9e1a-ccb9ff5ea2cc,1,TCGA-LUSC
0b73f593-b6e8-4897-9b9b-f09e65e436b7,0,TCGA-LUAD
6fb30a99-d0bc-4e2d-93b5-e2f070610ca0,1,CPTAC-3
6fb6e0b6-d575-470b-aa14-7e49c26a36c8,0,TCGA-LUSC
6feef177-114c-4285-b242-481fe0aea551,0,TCGA-LUAD
6ffc039f-1a71-4ee9-adbe-97024e9ec6cf,1,CPTAC-3
7097d905-c693-4de3-bed7-0d3fdbbe3b37,0,TCGA-LUSC
7181e057-0ec7-410b-b0fe-ff8de3d14d98,0,TCGA-LUAD
71ac888b-0acc-4cfd-a21a-4c9ff8d06bf9,2,TCGA-LUAD
71bbb99c-19ce-419d-87d6-bd333c1aecf7,1,CPTAC-3
71e5c335-671e-4101-bf25-435022857498,1,CPTAC-3
0b7990e5-9649-48bc-9d89-d1aa19084ee2,2,CPTAC-3
7213c904-a65f-4061-8f3a-1357bb8c1d4d,1,CPTAC-3
723011d2-f18a-4ed3-b58e-2fe466755abe,2,APOLLO-LUAD
7234d469-f26f-463f-b5f3-e7bff3f883ca,0,CGCI-HTMCP-LC
72d9c332-92e3-4f9c-899d-1de9969b1bd6,0,TCGA-LUAD
72db648d-0ff7-418b-b7bd-590eda282f74,0,TCGA-LUAD
72f1c7d8-ed9b-4d97-abaa-5c4d6478542f,2,TCGA-LUSC
0b91d17d-de8c-495e-b094-e571111b1e03,2,TCGA-LUSC
731aa112-9104-415c-a8bc-2b87450de218,2,APOLLO-LUAD
73595ad9-e781-4866-be91-cff0bd8356e3,1,CPTAC-3
736227d9-3cee-40ed-bdec-0e88968ef179,0,TCGA-LUAD
736d8419-1f66-49d6-83c7-e37b2fbff267,1,TCGA-LUSC
739b3fc4-0924-4d13-aecc-acc93cb9f486,0,TCGA-LUAD
741148a5-d9b6-412d-9dfe-a5ccd9717de5,2,TCGA-LUSC
7429ab01-a223-4be3-9b41-99100ea06d99,2,TCGA-LUAD
0ba182bb-6f71-4648-bca3-26185d3d08eb,2,CPTAC-3
74efe20f-a90d-4818-b633-9c8a100ce5a8,0,TCGA-LUSC
752b0067-d61f-4c6f-bd71-46e0338f15de,0,TCGA-LUSC
75473987-65e2-43eb-a5bb-04cb7a40c902,1,TCGA-LUAD
756a1731-8c8d-4d96-8e22-3f382275a48b,0,CPTAC-3
75719c78-9935-40e0-bd30-1f8eec34badf,0,TCGA-LUAD
757349fd-229e-47d1-a4d3-a586e91d980f,2,CPTAC-3
758326f2-5795-4ec9-b53c-13554623d810,2,CPTAC-3
75969880-a360-4e72-afe4-752dd6f04289,2,TCGA-LUSC
0bfe52ec-dbe3-44e7-8c14-78391445537c,0,TCGA-LUSC
765f26d4-120a-459d-90c7-74a8532b407c,2,TCGA-LUAD
7671d2c4-d6da-46d5-8ef0-baab496456d2,1,TCGA-LUAD
76ac1fee-bf40-463f-a4d8-cb9affe0e7c5,2,TCGA-LUAD
76edf649-9ae5-41e6-ac2c-197fb5fc9760,2,CPTAC-3
770438e5-0b2c-4303-b7b1-9e7d679df2e9,1,CPTAC-3
775b3d76-7d09-4fc2-b85c-226a3e490bd7,2,APOLLO-LUAD
775d8f3d-31cd-4828-9294-9db94a12e690,2,CPTAC-3
77a13fe7-8524-41b6-b1b0-8f06d80f5cc4,0,TCGA-LUSC
780617e8-6a28-4774-b1e6-3135e1932327,0,TCGA-LUAD
7869bb5d-ff07-4302-9b32-f9941f1a081a,2,CPTAC-3
78af8cfb-23d2-442d-8439-f1862906f3e2,0,TCGA-LUSC
01703923-fdd7-477b-822a-e1eabb0f2404,0,CGCI-HTMCP-LC
0c212a58-9a27-4850-bb22-540502e893dc,0,TCGA-LUAD
78d70b30-8812-4802-bca7-f1b8135b9cbd,0,TCGA-LUAD
78ef6ada-3aa8-40fa-9bd6-c491dd31f96d,0,TCGA-LUSC
78f2989c-4f47-40fa-956f-18a668b02b1c,2,CPTAC-3
78f62a65-6ba7-4bd8-a579-31960b85dcdc,1,CPTAC-3
7909042c-47f9-4f3a-9591-71f8856a571d,0,TCGA-LUSC
795c5266-6d35-405c-85c8-07f5eba09bc0,1,APOLLO-LUAD
79dea54b-587d-4442-b43d-0a32f6d1ff13,2,APOLLO-LUAD
7a26df49-5d12-4dc2-b686-07e015a415b0,0,TCGA-LUAD
7a3f27a9-476d-43e2-abb8-db402f80dfcf,0,TCGA-LUAD
7a59e84b-2d4a-4148-966d-7eadeb61ef38,0,TCGA-LUAD
7a9de79e-7eaf-41f3-b7fd-bd59cbf64443,0,TCGA-LUSC
7abd9747-a947-4b15-b51c-c82cda9f065c,0,TCGA-LUAD
7acb6716-c019-4ea9-bdda-bb11da4ab4db,1,CPTAC-3
7ada7c8e-2a15-49a8-973c-4b4283ddf1b5,1,CPTAC-3
7aec753d-4fad-42f3-a5f8-066ed421d069,0,TCGA-LUSC
0cd79b1c-d9c2-4aee-8976-7174cdececae,1,TCGA-LUSC
7b27b23a-d94c-4a9e-bf22-d8209a4bc6ef,2,TCGA-LUSC
7b6781c7-4afb-4e53-a18d-c5ec1ca474bb,2,TCGA-LUSC
7b6abb2a-e346-41af-8c70-4adc14a1ef95,0,CPTAC-3
7b77220f-d9fe-4ed3-afef-3212bb852f30,2,APOLLO-LUAD
7baba012-b5c0-4438-85c2-25911ba10f31,2,CPTAC-3
7bc6d1c2-7d78-4b67-9c0d-8a836047f721,1,TCGA-LUAD
0ce95bee-0c0b-4f29-982f-d94dc269c355,2,CPTAC-3
7c802f6c-03bd-4612-835f-c82f6b8f2137,0,TCGA-LUAD
7c9f8f74-901e-4e95-81b4-373e0d1ed53e,2,CGCI-HTMCP-LC
7cb19688-bac4-41bf-b69e-977ac0da0aa1,1,TCGA-LUAD
7d27e93b-f225-4b30-91b7-5b968d04d783,0,TCGA-LUAD
0d1f21df-73b3-4dd0-9ad4-fd5c7a5d2424,1,TCGA-LUAD
7d639694-3492-4502-ba23-69655f31f7e6,0,TCGA-LUSC
7d6fc752-ce68-4605-bd57-6f76c102e59b,0,TCGA-LUSC
7d832824-0767-4801-b8bb-4ac0a231511f,0,TCGA-LUSC
7d85e288-2101-4270-8a57-3f3185141b30,2,EXCEPTIONAL_RESPONDERS-ER
7dac2a14-4be7-4101-a8ea-70080d788548,1,CPTAC-3
7dc40d65-c112-4490-ab18-9abd95c8825e,0,TCGA-LUSC
0d7c7ed6-8fc3-42c1-9669-297584b110c5,0,TCGA-LUSC
7e17fd9b-6728-4cc4-9e21-1aa72acdf11a,2,EXCEPTIONAL_RESPONDERS-ER
7f05afd7-1908-470d-beaa-45e51daa2808,2,HCMI-CMDC
7f1cdd17-6947-4bc2-8899-d06a94444c56,1,CPTAC-3
7f67633b-3eba-4891-94aa-b3e38f6927ae,2,TCGA-LUAD
7f70c9bb-a18a-45e8-8177-34145a6c0dc9,0,TCGA-LUAD
7f9624e7-0e7b-4a2b-8413-1737f0f7c1d0,0,TCGA-LUAD
7f9d07b6-f233-4056-a0d7-54c42ebfa75b,2,CPTAC-3
7fa09c27-eeb5-414b-ab4e-e392015ed09e,2,CPTAC-3
7fc8ca15-8187-49ad-88ff-d14a7c4c8853,2,CPTAC-3
7feefd0a-9116-463f-a448-8007d2b971a8,2,APOLLO-LUAD
7ffac92b-a35c-4283-882c-806a2e28a963,1,TCGA-LUSC
7fff3f50-1510-4cea-a335-29814fe0ab10,0,TCGA-LUSC
8012d12f-53e2-4f8a-8178-ffb82e1a151b,2,APOLLO-LUAD
801324b1-85a5-4d83-9846-01df05b9008a,1,CPTAC-3
802c880b-9aa2-4bc8-bf7e-4e9a19bd6950,1,CPTAC-3
0d9e4a3d-2b2d-4090-a9d4-9343a75d2150,2,CPTAC-3
808d3c9f-b9df-4b77-8a42-fbb82786d282,0,TCGA-LUSC
80a2c950-c587-4710-a45b-4ada8f5fd6e7,0,CPTAC-3
80f4c1e6-573a-4ac9-bdec-96c0a0da49f0,0,TCGA-LUSC
81152340-ffac-4122-8b21-bef3a474a18e,1,TCGA-LUAD
8148f34c-1ddd-454a-8761-8b76e97e8534,0,TCGA-LUAD
8158f144-c49e-4e33-ba37-40ca8f2b68e9,2,CPTAC-3
816760da-fff8-4002-84b8-2c19415d0375,2,CPTAC-3
8173a955-2e7f-4e1a-af97-90552297b251,1,CPTAC-3
817cb7c0-34de-497c-90b0-d77e9378144b,2,HCMI-CMDC
8186e514-ae06-478e-9ade-c751fe5dd139,1,CPTAC-3
81ce2839-2899-47b4-bad9-86973d660c37,1,CPTAC-3
81d92351-c619-4585-9281-de33eaaabba4,2,TCGA-LUAD
81e7d771-eb01-4025-93c8-83ad7e0f6408,0,TCGA-LUSC
81f72f24-60e5-4d8f-a4de-41ef4a652243,0,TCGA-LUSC
8263ab47-6cd7-4460-a692-982a88a12ada,2,TCGA-LUSC
829f28aa-772e-409f-9563-16a5cfd939a7,2,CPTAC-3
82a68e91-48cc-400b-8520-4abcbff1a163,2,TCGA-LUAD
82c310bb-80f3-4c8c-a971-6fa3f4080946,2,CPTAC-3
0db6b930-2cc9-459e-a62a-c7bd2d4c1895,1,CPTAC-3
82e982fc-138a-48f8-8127-fb20caa019a2,2,TCGA-LUAD
83414dd7-1193-49ff-ae19-fbc804ae2185,1,CPTAC-3
83a964c3-fa57-40ea-a025-c905b844bcf4,0,CGCI-HTMCP-LC
83cc7259-bd8e-4821-90de-7daf02238659,2,CPTAC-3
8448fe40-85ca-4933-b3d7-2ce225157223,2,CPTAC-3
84ba64ac-dac6-48db-9192-bd3c5d6ea5d2,1,CPTAC-3
